date,ticker,article_count,avg_score,pos_sum,neg_sum,excl_sum,words_sum,pos_ratio
2002-01-18,BID,2,-0.5,4,12,0,770,0.249999999984375
2006-04-27,FPT,2,0.047619047619047616,22,20,0,2050,0.5238095237970521
2006-12-05,FPT,2,0.0,6,6,0,818,0.49999999995833333
2006-12-12,BID,1,0.2727272727272727,7,4,0,732,0.6363636363057851
2006-12-12,FPT,1,0.2727272727272727,7,4,0,732,0.6363636363057851
2006-12-13,FPT,2,0.07692307692307693,14,12,0,652,0.5384615384408284
2006-12-15,FPT,2,-0.058823529411764705,16,18,0,1104,0.4705882352802769
2006-12-21,FPT,1,0.043478260869565216,12,11,0,865,0.5217391304120983
2007-02-07,BID,2,-1.0,0,8,0,626,0.0
2007-02-12,FPT,2,0.6363636363636364,18,4,0,438,0.8181818181446281
2007-04-23,BID,2,-0.14285714285714285,6,8,0,634,0.4285714285408163
2007-04-25,FPT,2,0.1724137931034483,34,24,0,1156,0.5862068965416172
2007-05-11,FPT,2,0.2857142857142857,18,10,0,474,0.6428571428341837
2007-05-28,FPT,2,-0.043478260869565216,22,24,0,686,0.47826086955482044
2007-05-31,FPT,2,0.2,12,8,0,486,0.59999999997
2007-06-01,FPT,2,-0.2857142857142857,10,18,0,476,0.357142857130102
2007-06-04,FPT,2,-0.44,14,36,0,996,0.2799999999944
2007-06-08,FPT,2,-0.2,16,24,0,650,0.39999999999
2007-06-20,BID,2,-0.7333333333333333,4,26,0,1682,0.1333333333288889
2007-06-25,FPT,2,-0.45454545454545453,6,16,0,658,0.272727272714876
2007-06-26,FPT,1,-0.2857142857142857,5,9,0,314,0.35714285711734695
2007-06-27,FPT,2,-0.4117647058823529,10,24,0,690,0.294117647050173
2007-07-10,FPT,2,0.125,18,14,0,806,0.562499999982422
2007-07-12,FPT,2,-0.3,14,26,0,824,0.34999999999125003
2007-07-13,BID,1,0.16666666666666666,7,5,0,1075,0.5833333332847223
2007-09-26,FPT,1,0.2857142857142857,9,5,0,295,0.6428571428112245
2007-09-27,FPT,1,-0.16666666666666666,5,7,0,299,0.41666666663194446
2007-09-28,FPT,1,0.6666666666666666,10,2,0,469,0.8333333332638889
2007-10-30,FPT,1,-0.23076923076923078,10,16,0,614,0.3846153846005917
2007-11-12,FPT,1,-0.8333333333333334,1,11,0,569,0.08333333332638888
2007-11-27,FPT,1,-0.2,10,15,0,577,0.399999999984
2007-11-29,FPT,1,0.13043478260869565,13,10,0,475,0.5652173912797731
2007-12-06,FPT,1,1.0,1,0,0,504,0.9999999989999999
2007-12-26,FPT,1,0.0,5,5,0,365,0.49999999995
2008-01-11,FPT,1,0.38461538461538464,9,4,0,468,0.6923076922544379
2008-01-24,FPT,1,0.25,5,3,0,352,0.624999999921875
2008-01-31,FPT,1,0.05263157894736842,10,9,0,549,0.5263157894459833
2008-02-15,FPT,1,-0.13043478260869565,10,13,0,653,0.43478260867674856
2008-02-19,FPT,1,-0.42857142857142855,6,15,0,665,0.28571428570068025
2008-05-14,FPT,1,-0.6666666666666666,3,15,0,532,0.1666666666574074
2008-07-29,FPT,1,-0.3333333333333333,2,4,0,635,0.33333333327777775
2008-10-24,FPT,1,-0.5714285714285714,3,11,0,638,0.21428571427040816
2008-11-19,FPT,1,0.07692307692307693,7,6,0,649,0.5384615384201183
2008-11-21,FPT,1,-0.2,8,12,0,794,0.39999999998
2008-12-18,FPT,1,1.0,4,0,0,477,0.99999999975
2008-12-25,FPT,1,0.09090909090909091,12,10,0,798,0.545454545429752
2009-02-10,FPT,1,-0.23809523809523808,8,13,0,656,0.3809523809342404
2009-03-23,FPT,1,1.0,3,0,0,985,0.9999999996666666
2009-05-13,FPT,1,0.2,6,4,0,462,0.59999999994
2009-05-18,FPT,1,0.75,7,1,0,329,0.874999999890625
2009-08-25,FPT,1,0.058823529411764705,9,8,0,453,0.5294117646747405
2009-10-06,FPT,1,0.3333333333333333,8,4,0,422,0.6666666666111111
2010-05-11,FPT,1,0.45454545454545453,8,3,0,631,0.7272727272066115
2010-05-24,FPT,1,-0.06666666666666667,7,8,0,438,0.46666666663555556
2010-08-03,BID,1,0.5333333333333333,23,7,0,1399,0.7666666666411112
2011-04-16,FPT,2,0.14285714285714285,8,6,0,2078,0.571428571387755
2011-09-15,FPT,2,0.29411764705882354,22,12,0,782,0.6470588235103807
2011-11-02,FPT,2,-0.23809523809523808,16,26,0,1114,0.3809523809433107
2011-11-08,FPT,2,0.05263157894736842,20,18,0,840,0.5263157894598338
2011-11-29,FPT,2,0.47368421052631576,28,10,0,1012,0.7368421052437674
2011-12-04,BID,2,-0.5,4,12,0,2012,0.249999999984375
2012-01-12,FPT,2,0.2,30,20,0,930,0.599999999988
2012-02-13,FPT,2,-0.6470588235294118,6,28,0,710,0.17647058823010384
2012-02-20,BID,2,-0.4444444444444444,10,26,0,1926,0.27777777777006174
2012-03-22,FPT,2,0.125,18,14,0,1012,0.562499999982422
2012-04-24,FPT,2,0.12,28,22,0,1122,0.5599999999888
2012-05-02,FPT,2,0.2857142857142857,36,20,0,1034,0.6428571428456633
2012-05-21,FPT,1,0.42857142857142855,30,12,0,783,0.7142857142687076
2012-06-13,BID,1,0.45454545454545453,8,3,0,682,0.7272727272066115
2012-07-09,FPT,1,0.0,0,0,0,92,0.0
2012-07-13,BID,1,0.391304347826087,16,7,0,626,0.6956521738827978
2012-08-15,FPT,1,-1.0,0,2,0,133,0.0
2012-08-21,FPT,1,-0.5,9,27,0,775,0.24999999999305558
2012-08-23,FPT,1,-0.3333333333333333,10,20,0,638,0.3333333333222222
2012-08-28,FPT,1,-0.2,12,18,0,760,0.3999999999866667
2012-09-05,BID,2,-0.16666666666666666,1,2,0,624,0.3333333332222222
2012-09-07,FPT,1,-0.3333333333333333,1,2,0,641,0.3333333332222222
2012-09-20,BID,1,0.1875,19,13,0,785,0.5937499999814454
2012-09-20,FPT,1,0.1875,19,13,0,785,0.5937499999814454
2012-09-29,BID,1,-1.0,0,1,0,974,0.0
2012-10-02,FPT,1,-0.09090909090909091,15,18,0,763,0.4545454545316805
2012-10-04,FPT,1,1.0,2,0,0,457,0.9999999995
2012-10-05,FPT,1,-0.5,4,12,0,719,0.249999999984375
2012-10-10,FPT,1,0.11764705882352941,19,15,0,705,0.5588235293953288
2012-10-11,BID,1,0.5,9,3,0,765,0.7499999999375
2012-10-15,FPT,1,1.0,11,0,0,842,0.9999999999090909
2012-10-19,BID,1,0.3684210526315789,13,6,0,1397,0.6842105262797784
2012-10-26,FPT,1,0.6,28,7,0,717,0.7999999999771429
2012-11-16,FPT,1,-0.3333333333333333,5,10,0,900,0.3333333333111111
2012-11-19,FPT,1,-0.8,1,9,0,864,0.09999999999
2012-11-21,FPT,1,0.5652173913043478,18,5,1,1308,0.7826086956181475
2012-12-04,FPT,1,0.3333333333333333,10,5,0,1262,0.6666666666222222
2012-12-25,FPT,1,0.2972972972972973,24,13,0,744,0.6486486486311177
2013-01-28,BID,1,0.0,8,8,0,681,0.49999999996875
2013-02-08,FPT,1,0.6363636363636364,27,6,0,688,0.8181818181570248
2013-02-18,BID,1,-0.3333333333333333,4,8,0,1766,0.33333333330555553
2013-02-23,BID,3,-0.19999999999999998,11,14,0,3084,0.4399999999824
2013-02-23,FPT,1,0.0,9,9,0,1536,0.4999999999722222
2013-02-27,FPT,1,-0.2,10,15,0,653,0.399999999984
2013-03-13,FPT,1,-0.28,9,16,0,637,0.3599999999856
2013-05-21,FPT,1,0.7241379310344828,25,4,0,817,0.8620689654875149
2013-05-24,FPT,1,0.41935483870967744,22,9,0,695,0.7096774193319458
2013-07-03,FPT,1,-0.2,6,9,0,334,0.39999999997333335
2013-08-05,FPT,1,-0.034482758620689655,14,15,0,477,0.48275862067300834
2013-08-07,FPT,1,0.21739130434782608,14,9,0,568,0.608695652147448
2013-09-05,FPT,1,0.45454545454545453,16,6,0,588,0.7272727272396694
2013-09-11,BID,1,0.09090909090909091,12,10,0,1228,0.545454545429752
2013-09-11,FPT,1,0.5555555555555556,14,4,0,651,0.7777777777345679
2013-09-12,FPT,1,-0.3333333333333333,8,16,0,592,0.3333333333194444
2013-09-28,BID,1,0.14285714285714285,4,3,0,1235,0.5714285713469388
2013-10-17,FPT,1,0.52,19,6,0,736,0.7599999999696
2013-11-11,FPT,1,0.3333333333333333,16,8,0,675,0.6666666666388888
2013-11-28,FPT,1,0.09090909090909091,12,10,0,668,0.545454545429752
2013-12-05,BID,1,-0.6,1,4,0,170,0.19999999996
2013-12-13,FPT,1,0.4782608695652174,17,6,0,647,0.7391304347504726
2013-12-18,FPT,1,0.034482758620689655,15,14,0,769,0.5172413792925089
2014-01-18,BID,1,0.8947368421052632,18,1,0,795,0.9473684210027701
2014-01-20,BID,1,0.3333333333333333,4,2,0,917,0.6666666665555555
2014-01-24,BID,1,0.6923076923076923,22,4,0,646,0.8461538461213017
2014-01-24,FPT,1,0.6923076923076923,22,4,0,646,0.8461538461213017
2014-02-10,BID,2,-0.2857142857142857,10,6,0,607,0.6249999999609375
2014-02-12,FPT,1,0.7894736842105263,17,2,0,401,0.8947368420581717
2014-02-21,BID,1,1.0,5,0,0,895,0.9999999998
2014-03-11,FPT,1,0.8181818181818182,20,2,0,532,0.9090909090495868
2014-04-02,BID,1,-0.2727272727272727,8,14,0,657,0.3636363636198347
2014-04-08,FPT,1,0.3939393939393939,23,10,0,623,0.6969696969485768
2014-04-16,FPT,1,-0.5384615384615384,6,20,0,703,0.23076923076035502
2014-04-22,FPT,1,0.5294117647058824,13,4,0,615,0.7647058823079584
2014-04-29,FPT,1,0.06666666666666667,8,7,0,531,0.5333333332977778
2014-05-06,FPT,1,-0.3333333333333333,6,12,0,559,0.3333333333148148
2014-05-08,FPT,1,-0.8666666666666667,1,14,0,700,0.06666666666222222
2014-05-20,BID,1,0.45454545454545453,16,6,0,999,0.7272727272396694
2014-05-24,BID,1,0.30434782608695654,15,8,0,657,0.6521739130151228
2014-05-26,FPT,1,-0.037037037037037035,13,14,0,842,0.48148148146364883
2014-05-29,FPT,1,-0.14285714285714285,9,12,0,525,0.42857142855102043
2014-06-06,FPT,1,0.7142857142857143,18,3,0,437,0.8571428571020409
2014-06-10,FPT,1,0.4,14,6,0,646,0.699999999965
2014-07-11,BID,1,-0.14285714285714285,6,8,0,519,0.4285714285408163
2014-07-11,FPT,1,-0.14285714285714285,6,8,0,519,0.4285714285408163
2014-07-14,FPT,1,0.8571428571428571,13,1,0,399,0.928571428505102
2014-07-24,FPT,1,1.0,15,0,0,366,0.9999999999333333
2014-07-25,FPT,1,0.0,6,6,0,384,0.49999999995833333
2014-07-29,BID,1,0.29411764705882354,11,6,0,473,0.6470588234913495
2014-08-05,BID,1,0.45454545454545453,8,3,0,457,0.7272727272066115
2014-08-05,FPT,1,0.45454545454545453,8,3,0,457,0.7272727272066115
2014-08-11,FPT,1,-0.38461538461538464,4,9,0,368,0.30769230766863903
2014-08-20,FPT,1,0.625,13,3,0,365,0.8124999999492187
2014-10-14,FPT,1,1.0,4,0,0,204,0.99999999975
2014-12-17,FPT,1,-0.5555555555555556,6,21,0,690,0.22222222221399177
2015-01-25,BID,1,0.0,2,2,0,981,0.499999999875
2015-02-03,BID,1,-0.4117647058823529,10,24,0,952,0.294117647050173
2015-02-06,BID,1,0.7333333333333333,13,2,0,400,0.8666666666088889
2015-02-06,FPT,1,0.7333333333333333,13,2,0,400,0.8666666666088889
2015-03-24,BID,1,-0.6923076923076923,2,11,0,368,0.15384615383431952
2015-03-25,FPT,1,-0.3103448275862069,10,19,0,685,0.3448275861950059
2015-03-26,BID,1,0.0,9,9,0,490,0.4999999999722222
2015-07-20,FPT,1,-0.391304347826087,7,16,0,643,0.304347826073724
2015-08-10,BID,1,1.0,19,0,0,266,0.9999999999473684
2015-08-10,FPT,1,1.0,19,0,0,266,0.9999999999473684
2015-08-14,BID,1,-0.5,5,15,0,604,0.2499999999875
2015-08-18,BID,1,0.4418604651162791,31,12,0,593,0.7209302325413738
2015-08-18,FPT,1,0.4418604651162791,31,12,0,593,0.7209302325413738
2015-08-26,FPT,1,0.6875,27,5,0,579,0.8437499999736329
2015-08-27,BID,1,1.0,16,0,0,205,0.9999999999375
2015-09-08,BID,1,1.0,18,0,0,337,0.9999999999444444
2015-09-16,BID,1,-0.25,3,5,0,420,0.374999999953125
2015-10-14,BID,1,-0.25925925925925924,10,17,0,655,0.37037037035665293
2015-10-14,FPT,1,-0.25925925925925924,10,17,0,655,0.37037037035665293
2015-10-23,BID,1,1.0,36,0,0,506,0.9999999999722223
2015-10-23,FPT,1,1.0,36,0,0,506,0.9999999999722223
2015-10-29,BID,1,0.7777777777777778,32,4,0,462,0.8888888888641976
2015-10-29,FPT,1,0.7777777777777778,32,4,0,462,0.8888888888641976
2015-11-27,FPT,1,-1.0,0,1,0,240,0.0
2015-12-10,BID,1,-0.3170731707317073,14,27,0,1011,0.341463414625818
2016-01-19,BID,1,0.5121951219512195,31,10,0,456,0.7560975609571684
2016-01-19,FPT,1,-0.3333333333333333,9,18,0,584,0.33333333332098763
2016-01-21,BID,1,-0.5121951219512195,10,31,0,457,0.2439024390184414
2016-01-26,BID,1,-0.36231884057971014,22,47,0,760,0.31884057970552404
2016-01-27,BID,1,0.3333333333333333,6,3,0,126,0.6666666665925925
2016-03-29,BID,1,-0.23809523809523808,8,13,0,345,0.3809523809342404
2016-04-19,FPT,1,-0.12,11,14,0,487,0.4399999999824
2016-06-27,FPT,1,-0.07692307692307693,12,14,0,649,0.46153846152071004
2016-08-29,FPT,1,0.3103448275862069,19,10,0,525,0.6551724137705113
2016-11-05,FPT,1,1.0,3,0,0,251,0.9999999996666666
2016-11-09,BID,1,-0.6363636363636364,6,27,0,995,0.1818181818126722
2016-12-09,FPT,1,1.0,2,0,0,368,0.9999999995
2017-06-10,FPT,1,1.0,2,0,0,405,0.9999999995
2017-07-06,FPT,1,0.9130434782608695,22,1,0,1518,0.9565217390888469
2017-08-02,BID,1,-0.29411764705882354,6,11,0,1006,0.352941176449827
2017-08-09,BID,1,-0.09803921568627451,23,28,0,1191,0.45098039214802005
2017-08-17,BID,1,1.0,10,0,0,579,0.9999999999
2017-11-22,FPT,1,0.8636363636363636,41,3,0,1616,0.9318181817970042
2017-12-08,BID,1,-0.23076923076923078,10,16,0,877,0.3846153846005917
2018-03-05,BID,1,-0.3684210526315789,6,13,0,452,0.31578947366759
2018-03-09,BID,1,-1.0,0,1,0,737,0.0
2018-03-23,BID,1,-0.05263157894736842,9,10,0,622,0.47368421050138504
2018-03-26,BID,1,0.25,20,12,0,723,0.6249999999804688
2018-04-13,BID,1,-0.16666666666666666,5,7,0,366,0.41666666663194446
2018-04-18,BID,1,-0.15384615384615385,11,15,0,545,0.42307692306065087
2018-04-18,FPT,1,0.14285714285714285,4,3,0,387,0.5714285713469388
2018-04-23,BID,1,-0.6521739130434783,4,19,0,513,0.17391304347069944
2018-04-24,BID,1,-0.022222222222222223,22,23,0,872,0.48888888887802473
2018-04-26,FPT,1,0.14285714285714285,4,3,0,353,0.5714285713469388
2018-05-07,BID,1,0.5882352941176471,27,7,0,513,0.7941176470354672
2018-05-22,BID,1,-0.22580645161290322,12,19,0,772,0.3870967741810614
2018-05-27,BID,1,0.25,15,9,0,566,0.6249999999739584
2018-06-12,BID,1,-0.2727272727272727,16,28,0,751,0.3636363636280992
2018-06-22,BID,1,-0.125,7,9,0,626,0.43749999997265626
2018-07-05,BID,1,-0.41935483870967744,9,22,0,637,0.290322580635796
2018-07-06,BID,1,0.38461538461538464,18,8,0,552,0.692307692281065
2018-07-06,FPT,1,0.38461538461538464,18,8,0,552,0.692307692281065
2018-07-11,BID,1,-0.3684210526315789,6,13,0,490,0.31578947366759
2018-09-04,BID,1,-0.21739130434782608,9,14,0,534,0.39130434780907375
2018-09-04,FPT,1,-0.21739130434782608,9,14,0,534,0.39130434780907375
2018-09-11,BID,1,0.75,28,4,0,585,0.8749999999726563
2018-09-13,FPT,1,-1.0,0,1,0,779,0.0
2018-09-20,FPT,1,0.9166666666666666,23,1,0,504,0.9583333332934028
2018-10-04,FPT,1,1.0,1,0,0,755,0.9999999989999999
2018-10-11,BID,1,-0.627906976744186,8,35,0,823,0.18604651162358032
2018-10-12,BID,1,0.13432835820895522,38,29,0,1250,0.5671641790960125
2018-10-12,FPT,1,0.13432835820895522,38,29,0,1250,0.5671641790960125
2018-10-15,BID,1,-0.45454545454545453,9,24,0,558,0.2727272727190083
2018-10-24,BID,1,-0.4,9,21,0,690,0.29999999999
2018-10-25,BID,1,-0.47058823529411764,9,25,0,684,0.26470588234515574
2018-11-14,BID,1,-1.0,0,6,0,1084,0.0
2018-11-22,BID,1,0.0,2,2,0,603,0.499999999875
2018-12-03,BID,1,0.7894736842105263,17,2,0,559,0.8947368420581717
2018-12-05,FPT,1,1.0,4,0,0,383,0.99999999975
2018-12-10,BID,1,-0.18181818181818182,9,13,0,851,0.40909090907231405
2018-12-14,BID,1,-0.8,2,18,0,573,0.099999999995
2018-12-19,FPT,1,-0.6129032258064516,6,25,0,631,0.1935483870905307
2018-12-25,BID,1,-0.6,3,12,0,463,0.19999999998666668
2019-01-03,BID,1,-0.625,6,26,0,589,0.18749999999414066
2019-02-12,BID,1,0.6842105263157895,16,3,0,470,0.8421052631135734
2019-02-12,FPT,1,0.6842105263157895,16,3,0,470,0.8421052631135734
2019-03-25,BID,1,-0.75,2,14,0,580,0.1249999999921875
2019-05-08,BID,1,-0.5555555555555556,6,21,0,543,0.22222222221399177
2019-07-01,BID,1,0.5789473684210527,15,4,0,596,0.7894736841689751
2019-07-01,FPT,1,0.5789473684210527,15,4,0,596,0.7894736841689751
2019-07-04,BID,1,0.6842105263157895,16,3,0,388,0.8421052631135734
2019-08-05,FPT,1,-0.30434782608695654,8,15,0,524,0.3478260869413989
2019-08-16,FPT,1,0.4666666666666667,11,4,0,827,0.7333333332844444
2019-08-26,BID,2,-0.22159090909090912,23,20,0,1730,0.5348837209177935
2019-09-13,BID,1,0.7391304347826086,20,3,0,354,0.8695652173534971
2019-09-30,BID,1,-0.6666666666666666,3,15,0,429,0.1666666666574074
2019-09-30,FPT,1,-0.6666666666666666,3,15,0,429,0.1666666666574074
2019-10-11,BID,1,1.0,1,0,0,584,0.9999999989999999
2019-10-30,BID,1,0.29411764705882354,11,6,0,356,0.6470588234913495
2019-11-02,BID,1,0.5,12,4,0,1081,0.749999999953125
2019-11-28,BID,1,-0.23076923076923078,5,8,0,391,0.3846153845857988
2019-11-29,FPT,1,0.18181818181818182,13,9,0,402,0.5909090908822314
2019-12-04,FPT,1,0.5428571428571428,27,8,0,514,0.7714285714065306
2019-12-05,BID,1,0.0,7,7,0,356,0.49999999996428574
2019-12-06,BID,1,-0.6363636363636364,2,9,0,401,0.18181818180165288
2019-12-09,BID,1,0.0,2,2,0,371,0.499999999875
2019-12-10,BID,1,-0.5384615384615384,3,10,0,347,0.2307692307514793
2019-12-12,BID,1,0.23076923076923078,8,5,0,382,0.6153846153372781
2019-12-13,BID,1,0.2727272727272727,7,4,0,422,0.6363636363057851
2019-12-16,FPT,1,-0.391304347826087,7,16,0,430,0.304347826073724
2019-12-17,FPT,1,0.0,5,5,0,292,0.49999999995
2019-12-19,BID,1,-0.6666666666666666,1,5,0,398,0.16666666663888888
2019-12-22,BID,1,-0.6666666666666666,1,5,0,263,0.16666666663888888
2019-12-23,BID,1,0.16666666666666666,7,5,0,192,0.5833333332847223
2019-12-25,FPT,1,0.23809523809523808,13,8,0,325,0.6190476190181405
2019-12-26,BID,1,-0.2,4,6,0,245,0.39999999996
2019-12-27,BID,1,0.0,1,1,0,117,0.49999999975
2019-12-30,FPT,1,0.5,15,5,0,391,0.7499999999625
2020-01-03,FPT,1,-0.047619047619047616,10,11,0,415,0.47619047616780047
2020-01-06,BID,1,0.18518518518518517,16,11,0,761,0.5925925925706447
2020-01-07,BID,1,0.07142857142857142,15,13,0,509,0.5357142856951531
2020-01-07,FPT,1,0.07142857142857142,15,13,0,509,0.5357142856951531
2020-01-09,BID,1,0.5151515151515151,25,8,0,463,0.7575757575528008
2020-01-10,BID,1,0.6470588235294118,14,3,0,329,0.8235294117162629
2020-01-12,BID,1,0.41935483870967744,22,9,0,526,0.7096774193319458
2020-01-15,BID,1,-0.09090909090909091,5,6,0,298,0.45454545450413225
2020-01-16,BID,1,0.5384615384615384,10,3,0,371,0.7692307691715976
2020-01-20,BID,1,0.38461538461538464,18,8,0,423,0.692307692281065
2020-01-21,BID,1,0.7,17,3,0,295,0.8499999999575
2020-01-21,FPT,1,0.7,17,3,0,295,0.8499999999575
2020-01-22,BID,1,0.6,8,2,0,332,0.79999999992
2020-01-30,BID,1,-0.5555555555555556,6,21,0,366,0.22222222221399177
2020-02-03,BID,1,-0.4883720930232558,11,32,0,639,0.255813953482423
2020-02-04,BID,1,0.2727272727272727,21,12,0,387,0.6363636363443527
2020-02-04,FPT,1,0.2727272727272727,21,12,0,387,0.6363636363443527
2020-02-05,BID,1,-0.18518518518518517,11,16,0,436,0.40740740739231823
2020-02-07,BID,1,-0.2727272727272727,4,7,0,195,0.36363636360330576
2020-02-10,BID,1,-0.5,4,12,0,330,0.249999999984375
2020-02-11,BID,1,0.6666666666666666,20,4,0,366,0.8333333332986111
2020-02-11,FPT,1,0.6666666666666666,20,4,0,366,0.8333333332986111
2020-02-13,BID,1,0.3793103448275862,20,9,0,366,0.6896551723900118
2020-02-14,BID,1,0.0,10,10,0,341,0.499999999975
2020-02-14,FPT,1,0.0,10,10,0,341,0.499999999975
2020-02-17,BID,1,-0.23809523809523808,8,13,0,475,0.3809523809342404
2020-02-18,BID,1,0.14285714285714285,8,6,0,344,0.571428571387755
2020-02-18,FPT,1,0.14285714285714285,8,6,0,344,0.571428571387755
2020-02-19,BID,1,0.16666666666666666,14,10,0,395,0.5833333333090278
2020-02-19,FPT,1,0.16666666666666666,14,10,0,395,0.5833333333090278
2020-02-20,BID,1,0.38461538461538464,9,4,0,316,0.6923076922544379
2020-02-24,BID,1,-0.35714285714285715,9,19,0,558,0.32142857141709186
2020-02-24,FPT,1,-0.35714285714285715,9,19,0,558,0.32142857141709186
2020-02-25,BID,1,0.25925925925925924,17,10,0,427,0.62962962960631
2020-02-25,FPT,1,0.25925925925925924,17,10,0,427,0.62962962960631
2020-02-26,BID,1,-0.5384615384615384,6,20,0,442,0.23076923076035502
2020-02-26,FPT,1,-0.5384615384615384,6,20,0,442,0.23076923076035502
2020-02-27,BID,1,-0.5384615384615384,3,10,0,385,0.2307692307514793
2020-02-28,BID,1,-0.4,6,14,0,503,0.299999999985
2020-03-02,FPT,1,-0.25,3,5,0,391,0.374999999953125
2020-03-03,BID,2,0.4989858012170385,35,11,0,941,0.7608695652008507
2020-03-08,BID,1,0.21052631578947367,23,15,0,863,0.6052631578788089
2020-03-09,BID,1,-0.6,8,32,0,759,0.199999999995
2020-03-10,BID,1,0.16129032258064516,18,13,0,524,0.580645161271592
2020-03-10,FPT,1,0.16129032258064516,18,13,0,524,0.580645161271592
2020-03-12,BID,1,-0.75,2,14,0,305,0.1249999999921875
2020-03-18,BID,1,0.1875,19,13,0,479,0.5937499999814454
2020-03-19,BID,1,-0.4,6,14,0,337,0.299999999985
2020-03-24,BID,1,-0.21052631578947367,15,23,0,493,0.39473684209487536
2020-04-01,BID,1,0.3333333333333333,8,4,0,331,0.6666666666111111
2020-04-03,BID,1,0.8,18,2,0,392,0.899999999955
2020-04-07,BID,1,0.36585365853658536,28,13,0,1015,0.682926829251636
2020-04-09,BID,1,0.18181818181818182,13,9,0,388,0.5909090908822314
2020-04-10,BID,1,-0.16666666666666666,10,14,0,348,0.4166666666493056
2020-04-13,FPT,1,0.6,12,3,0,425,0.7999999999466667
2020-04-14,BID,1,0.0,12,12,0,409,0.49999999997916666
2020-04-21,BID,1,-0.3333333333333333,7,14,0,546,0.3333333333174603
2020-04-22,BID,1,0.48148148148148145,20,7,0,369,0.7407407407133059
2020-04-22,FPT,1,0.48148148148148145,20,7,0,369,0.7407407407133059
2020-04-27,FPT,1,0.8181818181818182,10,1,0,576,0.9090909090082645
2020-05-06,FPT,1,0.30612244897959184,32,17,0,839,0.6530612244764682
2020-05-07,BID,1,0.3333333333333333,26,13,0,907,0.6666666666495727
2020-05-13,BID,1,0.2,9,6,0,429,0.59999999996
2020-05-14,BID,1,-0.1,9,11,0,508,0.4499999999775
2020-05-15,BID,1,-0.08333333333333333,11,13,0,309,0.4583333333142361
2020-05-21,BID,1,0.6923076923076923,22,4,0,468,0.8461538461213017
2020-05-22,BID,1,-0.06382978723404255,22,25,0,1071,0.4680851063730195
2020-05-25,BID,1,0.17647058823529413,30,21,0,960,0.5882352941061131
2020-05-26,BID,1,0.696969696969697,56,10,0,1406,0.8484848484719926
2020-05-27,BID,1,-0.058823529411764705,32,36,0,1327,0.47058823528719723
2020-05-29,BID,1,0.03333333333333333,31,29,0,1137,0.5166666666580556
2020-06-01,BID,2,0.42692307692307696,55,17,0,2056,0.7638888888782793
2020-06-02,BID,1,-0.038461538461538464,25,27,0,997,0.48076923075998523
2020-06-03,BID,1,0.2558139534883721,27,16,0,913,0.6279069767295836
2020-06-03,FPT,1,0.2558139534883721,27,16,0,913,0.6279069767295836
2020-06-04,BID,1,0.5076923076923077,49,16,0,1171,0.7538461538345562
2020-06-07,BID,1,0.6470588235294118,14,3,0,559,0.8235294117162629
2020-06-08,BID,1,0.6296296296296297,44,10,0,1233,0.8148148147997257
2020-06-11,BID,1,0.06896551724137931,31,27,0,1524,0.5344827586114744
2020-06-18,BID,1,-0.05084745762711865,28,31,0,1158,0.474576271178397
2020-06-19,BID,1,0.45098039215686275,37,14,0,1323,0.7254901960642062
2020-06-22,BID,1,0.09090909090909091,6,5,0,467,0.5454545454049586
2020-06-23,BID,1,0.0,25,25,0,1105,0.49999999999000005
2020-06-23,FPT,1,0.0,25,25,0,1105,0.49999999999000005
2020-06-25,BID,1,-0.25925925925925924,20,34,0,836,0.37037037036351167
2020-06-26,BID,1,-0.25,15,25,0,1084,0.37499999999062505
2020-06-30,BID,1,0.13725490196078433,29,22,0,819,0.5686274509692426
2020-07-06,BID,1,0.16666666666666666,7,5,0,475,0.5833333332847223
2020-07-06,FPT,1,0.48148148148148145,20,7,0,873,0.7407407407133059
2020-07-07,FPT,1,0.5348837209302325,33,10,0,682,0.7674418604472688
2020-07-13,BID,1,0.2,33,22,0,1062,0.5999999999890909
2020-07-13,FPT,1,0.2,33,22,0,1062,0.5999999999890909
2020-07-14,BID,1,-0.38095238095238093,13,29,0,881,0.30952380951643993
2020-07-14,FPT,1,-0.38095238095238093,13,29,0,881,0.30952380951643993
2020-07-16,BID,1,0.2631578947368421,36,21,0,1090,0.6315789473573408
2020-07-17,FPT,1,-0.034482758620689655,14,15,0,335,0.48275862067300834
2020-07-20,BID,1,-0.631578947368421,7,31,0,713,0.18421052631094184
2020-07-24,BID,1,-0.5384615384615384,15,50,0,1163,0.23076923076568046
2020-07-27,BID,1,-0.6170212765957447,9,38,0,854,0.19148936169805345
2020-07-28,BID,1,0.2112676056338028,43,28,0,1087,0.6056338028083713
2020-07-28,FPT,1,0.2112676056338028,43,28,0,1087,0.6056338028083713
2020-07-30,BID,1,0.36,34,16,0,1070,0.6799999999864
2020-07-30,FPT,1,0.36,34,16,0,1070,0.6799999999864
2020-08-03,BID,1,0.35714285714285715,19,9,0,522,0.6785714285471939
2020-08-04,BID,1,0.6363636363636364,18,4,0,387,0.8181818181446281
2020-08-12,BID,1,0.4074074074074074,19,8,0,382,0.7037037036776406
2020-08-14,BID,1,0.1724137931034483,17,12,0,347,0.5862068965315101
2020-08-16,FPT,1,0.42857142857142855,5,2,0,1376,0.7142857141836735
2020-08-17,FPT,1,-0.375,5,11,0,283,0.31249999998046873
2020-08-19,BID,1,0.5652173913043478,18,5,0,349,0.7826086956181475
2020-08-20,BID,1,0.0,0,0,0,479,0.0
2020-08-21,BID,1,0.7777777777777778,16,2,0,230,0.8888888888395061
2020-08-24,BID,1,0.9090909090909091,21,1,0,402,0.9545454545020661
2020-08-28,BID,1,0.3488372093023256,29,14,0,882,0.6744186046354786
2020-08-28,FPT,1,0.3488372093023256,29,14,0,882,0.6744186046354786
2020-08-31,BID,1,0.125,27,21,0,1036,0.5624999999882813
2020-09-03,BID,1,0.68,42,8,0,974,0.8399999999832001
2020-09-04,FPT,1,-0.12195121951219512,18,23,0,1120,0.43902439023319456
2020-09-07,BID,1,-0.45454545454545453,6,16,0,374,0.272727272714876
2020-09-07,FPT,1,-0.45454545454545453,6,16,0,374,0.272727272714876
2020-09-08,FPT,1,0.35714285714285715,19,9,0,332,0.6785714285471939
2020-09-16,BID,1,0.52,19,6,0,289,0.7599999999696
2020-09-16,FPT,1,0.52,19,6,0,289,0.7599999999696
2020-09-18,FPT,1,0.7894736842105263,17,2,0,331,0.8947368420581717
2020-09-21,BID,2,0.7697368421052632,31,4,0,1581,0.8857142856889797
2020-09-23,BID,1,0.43478260869565216,33,13,0,1068,0.7173913043322306
2020-09-28,BID,1,0.68,21,4,0,338,0.8399999999664
2020-10-13,BID,1,0.25,10,6,0,260,0.6249999999609375
2020-10-14,BID,1,0.7333333333333333,13,2,0,259,0.8666666666088889
2020-10-15,BID,1,0.6666666666666666,20,4,0,398,0.8333333332986111
2020-10-20,FPT,1,0.5384615384615384,10,3,0,341,0.7692307691715976
2020-10-21,BID,1,0.25,10,6,0,380,0.6249999999609375
2020-10-23,BID,1,0.8333333333333334,11,1,0,392,0.9166666665902777
2020-10-26,BID,1,-0.02857142857142857,17,18,0,448,0.4857142857004082
2020-10-26,FPT,1,-0.02857142857142857,17,18,0,448,0.4857142857004082
2020-10-29,BID,1,-0.16666666666666666,10,14,0,305,0.4166666666493056
2020-11-02,BID,1,0.4444444444444444,13,5,0,464,0.7222222221820987
2020-11-03,BID,1,0.17647058823529413,10,7,0,464,0.588235294083045
2020-11-05,BID,1,-0.16666666666666666,5,7,0,360,0.41666666663194446
2020-11-09,BID,1,0.5,12,4,0,499,0.749999999953125
2020-11-13,BID,1,0.4666666666666667,11,4,0,481,0.7333333332844444
2020-11-18,BID,1,1.0,8,0,0,803,0.999999999875
2020-11-20,BID,2,0.45238095238095233,13,4,0,1095,0.7647058823079584
2020-11-23,BID,1,0.7142857142857143,12,2,0,622,0.8571428570816326
2020-11-24,BID,1,0.4,7,3,0,383,0.69999999993
2020-11-25,BID,1,0.3333333333333333,24,12,0,628,0.6666666666481482
2020-11-26,BID,1,0.5,15,5,0,457,0.7499999999625
2020-11-27,BID,1,0.7948717948717948,35,4,0,946,0.8974358974128863
2020-11-27,FPT,2,0.7724358974358974,42,5,0,2668,0.8936170212575827
2020-11-29,BID,1,0.7142857142857143,12,2,0,598,0.8571428570816326
2020-11-30,BID,1,0.29411764705882354,11,6,0,499,0.6470588234913495
2020-12-01,BID,1,0.0,7,7,0,385,0.49999999996428574
2020-12-07,BID,2,0.373015873015873,20,5,0,1325,0.799999999968
2020-12-08,FPT,1,0.18518518518518517,16,11,0,375,0.5925925925706447
2020-12-09,BID,1,0.8823529411764706,16,1,0,315,0.941176470532872
2020-12-10,FPT,1,-0.15384615384615385,11,15,0,406,0.42307692306065087
2020-12-11,BID,1,0.4666666666666667,11,4,0,334,0.7333333332844444
2020-12-16,BID,2,0.6609195402298851,34,7,0,871,0.8292682926627009
2020-12-16,FPT,1,0.6551724137931034,24,5,0,371,0.8275862068680143
2020-12-22,BID,2,0.425,18,8,0,1378,0.692307692281065
2020-12-23,FPT,1,-0.2,6,9,0,564,0.39999999997333335
2020-12-24,BID,2,-0.14285714285714285,20,24,0,1537,0.454545454535124
2020-12-25,BID,1,0.6842105263157895,16,3,0,387,0.8421052631135734
2020-12-29,BID,1,0.6666666666666666,20,4,0,375,0.8333333332986111
2020-12-29,FPT,1,0.6666666666666666,20,4,0,375,0.8333333332986111
2020-12-30,FPT,1,0.15789473684210525,11,8,0,315,0.5789473683905817
2021-01-05,BID,1,0.8095238095238095,19,2,0,547,0.9047619047188209
2021-01-06,BID,1,0.36363636363636365,15,7,0,412,0.6818181817871901
2021-01-08,BID,1,0.3333333333333333,12,6,0,357,0.6666666666296296
2021-01-08,FPT,1,1.0,9,0,0,418,0.9999999998888889
2021-01-11,BID,1,0.5,9,3,0,441,0.7499999999375
2021-01-12,BID,2,0.42207792207792205,25,11,0,1118,0.6944444444251544
2021-01-13,BID,1,-0.42857142857142855,4,10,0,414,0.2857142856938775
2021-01-19,BID,2,-0.5142857142857142,7,22,0,1000,0.24137931033650417
2021-01-20,FPT,1,0.1282051282051282,22,17,0,704,0.5641025640881
2021-01-22,BID,1,0.14285714285714285,12,9,0,338,0.5714285714013605
2021-01-26,BID,1,-0.2222222222222222,7,11,0,426,0.38888888886728395
2021-01-27,FPT,1,-0.34782608695652173,15,31,0,654,0.3260869565146503
2021-01-29,FPT,1,0.4782608695652174,17,6,0,313,0.7391304347504726
2021-02-01,FPT,1,0.08333333333333333,13,11,0,316,0.5416666666440972
2021-02-02,FPT,1,0.5,18,6,0,362,0.74999999996875
2021-02-03,BID,1,0.8888888888888888,17,1,0,264,0.9444444443919753
2021-02-03,FPT,1,0.8888888888888888,17,1,0,264,0.9444444443919753
2021-02-04,FPT,1,0.09090909090909091,12,10,0,389,0.545454545429752
2021-02-17,FPT,1,0.8461538461538461,12,1,0,278,0.9230769230059171
2021-02-18,FPT,1,0.7333333333333333,13,2,0,424,0.8666666666088889
2021-02-19,BID,1,0.125,9,7,0,376,0.5624999999648438
2021-02-19,FPT,1,0.125,9,7,0,376,0.5624999999648438
2021-02-22,BID,1,0.037037037037037035,14,13,0,383,0.5185185184993141
2021-02-24,BID,1,-0.23076923076923078,10,16,0,404,0.3846153846005917
2021-02-26,BID,1,-0.08333333333333333,11,13,0,353,0.4583333333142361
2021-03-01,FPT,1,0.42857142857142855,10,4,0,319,0.7142857142346939
2021-03-05,BID,1,-0.10204081632653061,22,27,0,992,0.44897959182757186
2021-03-05,FPT,1,-0.10204081632653061,22,27,0,992,0.44897959182757186
2021-03-06,FPT,1,0.2,3,2,0,565,0.59999999988
2021-03-08,FPT,1,-0.2,6,9,0,325,0.39999999997333335
2021-03-09,FPT,1,1.0,1,0,0,524,0.9999999989999999
2021-03-10,FPT,1,-1.0,0,2,0,632,0.0
2021-03-11,BID,1,0.5789473684210527,15,4,0,351,0.7894736841689751
2021-03-15,BID,1,0.7142857142857143,12,2,0,985,0.8571428570816326
2021-03-15,FPT,1,-0.2857142857142857,5,9,0,761,0.35714285711734695
2021-03-16,BID,1,-0.42857142857142855,6,15,0,388,0.28571428570068025
2021-03-16,FPT,1,-0.42857142857142855,6,15,0,388,0.28571428570068025
2021-03-17,BID,1,-0.09090909090909091,5,6,0,359,0.45454545450413225
2021-03-17,FPT,1,-0.09090909090909091,5,6,0,359,0.45454545450413225
2021-03-18,BID,1,0.3,13,7,0,537,0.6499999999675
2021-03-19,BID,1,0.5238095238095238,16,5,0,817,0.7619047618684808
2021-03-19,FPT,1,0.6,4,1,0,806,0.79999999984
2021-03-23,BID,1,-0.125,7,9,0,384,0.43749999997265626
2021-03-24,BID,1,-0.23809523809523808,16,26,0,1078,0.3809523809433107
2021-03-28,BID,1,0.09090909090909091,6,5,0,550,0.5454545454049586
2021-03-31,FPT,1,0.5833333333333334,19,5,0,433,0.7916666666336806
2021-04-02,BID,1,0.6666666666666666,10,2,0,403,0.8333333332638889
2021-04-02,FPT,1,0.5833333333333334,19,5,0,1014,0.7916666666336806
2021-04-05,FPT,1,0.3333333333333333,14,7,0,465,0.6666666666349206
2021-04-06,BID,2,0.30952380952380953,22,13,0,999,0.6285714285534695
2021-04-07,BID,1,-0.1,9,11,0,398,0.4499999999775
2021-04-07,FPT,1,-0.1,9,11,0,398,0.4499999999775
2021-04-08,BID,1,0.0,7,7,0,382,0.49999999996428574
2021-04-15,BID,1,0.4857142857142857,26,9,0,1253,0.7428571428359184
2021-04-19,BID,1,-0.29411764705882354,6,11,0,778,0.352941176449827
2021-04-19,FPT,1,0.2631578947368421,12,7,0,373,0.63157894733518
2021-04-22,BID,1,-0.6363636363636364,4,18,0,303,0.18181818180991735
2021-04-26,BID,1,1.0,4,0,0,1032,0.99999999975
2021-05-05,BID,1,0.6,16,4,0,330,0.79999999996
2021-05-06,BID,1,-0.2222222222222222,7,11,0,397,0.38888888886728395
2021-05-11,BID,1,-0.29411764705882354,6,11,0,386,0.352941176449827
2021-05-18,BID,2,0.5,16,8,0,858,0.6666666666388888
2021-05-20,BID,1,0.5833333333333334,19,5,0,419,0.7916666666336806
2021-05-20,FPT,2,0.7291666666666667,34,6,0,1002,0.8499999999787501
2021-05-21,BID,1,0.4,7,3,0,440,0.69999999993
2021-05-21,FPT,1,0.4,7,3,0,440,0.69999999993
2021-05-26,FPT,1,0.3684210526315789,13,6,0,316,0.6842105262797784
2021-05-27,BID,1,-0.15789473684210525,8,11,0,440,0.4210526315567867
2021-05-27,FPT,1,-0.15789473684210525,8,11,0,440,0.4210526315567867
2021-05-31,BID,2,0.35185185185185186,31,14,0,924,0.6888888888735804
2021-06-02,FPT,1,-0.3333333333333333,3,6,0,554,0.3333333332962963
2021-06-03,BID,1,0.5555555555555556,7,2,0,545,0.777777777691358
2021-06-04,FPT,1,0.5,9,3,0,438,0.7499999999375
2021-06-05,BID,1,0.0,0,0,0,475,0.0
2021-06-07,BID,2,-0.023809523809523808,17,18,0,943,0.4857142857004082
2021-06-09,FPT,1,-0.42857142857142855,4,10,0,866,0.2857142856938775
2021-06-10,FPT,1,-0.06666666666666667,7,8,0,887,0.46666666663555556
2021-06-14,BID,1,0.7142857142857143,18,3,0,425,0.8571428571020409
2021-06-16,BID,1,1.0,29,0,0,844,0.9999999999655173
2021-06-17,BID,1,-0.14285714285714285,6,8,0,480,0.4285714285408163
2021-06-21,BID,2,0.27843137254901956,20,12,0,873,0.6249999999804688
2021-06-21,FPT,1,-0.17647058823529413,7,10,0,323,0.41176470585813146
2021-06-22,FPT,1,0.6363636363636364,9,2,0,440,0.8181818181074381
2021-06-23,BID,1,0.5454545454545454,17,5,0,388,0.7727272726921488
2021-06-28,BID,1,0.6842105263157895,16,3,0,440,0.8421052631135734
2021-06-29,FPT,1,0.2631578947368421,12,7,0,396,0.63157894733518
2021-06-30,BID,1,0.23809523809523808,13,8,0,326,0.6190476190181405
2021-07-02,FPT,1,0.5789473684210527,15,4,0,371,0.7894736841689751
2021-07-05,BID,1,-0.0847457627118644,27,32,0,1664,0.45762711863631145
2021-07-05,FPT,1,-0.0847457627118644,27,32,0,1664,0.45762711863631145
2021-07-06,FPT,1,-0.47368421052631576,5,14,0,484,0.26315789472299167
2021-07-07,BID,1,0.5348837209302325,33,10,0,1122,0.7674418604472688
2021-07-07,FPT,2,0.26744186046511625,34,11,0,1401,0.7555555555387655
2021-07-12,BID,1,0.06666666666666667,8,7,0,670,0.5333333332977778
2021-07-13,BID,1,0.2,15,10,0,425,0.599999999976
2021-07-13,FPT,1,0.2,15,10,0,425,0.599999999976
2021-07-19,BID,2,-0.30666666666666664,28,54,0,1674,0.34146341462998214
2021-07-20,BID,1,0.05263157894736842,10,9,0,436,0.5263157894459833
2021-07-23,FPT,1,0.0,11,11,0,469,0.49999999997727274
2021-07-26,BID,1,0.4117647058823529,12,5,0,693,0.705882352899654
2021-07-26,FPT,1,0.0,8,8,0,386,0.49999999996875
2021-07-27,BID,1,0.391304347826087,16,7,0,444,0.6956521738827978
2021-07-28,BID,1,-0.1111111111111111,8,10,0,353,0.44444444441975306
2021-07-29,FPT,1,0.15789473684210525,11,8,0,333,0.5789473683905817
2021-07-30,FPT,1,0.6,16,4,0,407,0.79999999996
2021-08-03,BID,1,0.7037037037037037,23,4,0,379,0.8518518518203018
2021-08-04,BID,1,0.42857142857142855,15,6,0,376,0.7142857142517007
2021-08-06,FPT,1,0.0,8,8,0,400,0.49999999996875
2021-08-08,BID,1,1.0,12,0,0,509,0.9999999999166667
2021-08-09,FPT,1,0.75,14,2,0,410,0.8749999999453125
2021-08-11,FPT,1,0.23809523809523808,13,8,0,391,0.6190476190181405
2021-08-12,BID,1,0.5362318840579711,53,16,0,1626,0.7681159420178534
2021-08-16,BID,1,0.38461538461538464,9,4,0,548,0.6923076922544379
2021-08-18,FPT,1,0.45454545454545453,8,3,0,671,0.7272727272066115
2021-08-23,BID,1,-0.1724137931034483,12,17,0,442,0.41379310343400716
2021-08-24,BID,1,0.2,9,6,0,322,0.59999999996
2021-08-24,FPT,1,0.2,9,6,0,322,0.59999999996
2021-08-26,BID,1,0.0,8,8,0,445,0.49999999996875
2021-08-30,BID,1,-0.09090909090909091,5,6,0,521,0.45454545450413225
2021-08-31,BID,1,0.047619047619047616,11,10,0,337,0.5238095237845805
2021-09-02,BID,1,0.2413793103448276,18,11,0,606,0.6206896551510107
2021-09-06,BID,1,0.6190476190476191,17,4,0,475,0.8095238094852608
2021-09-06,FPT,1,0.6190476190476191,17,4,0,475,0.8095238094852608
2021-09-07,BID,1,0.05263157894736842,10,9,0,363,0.5263157894459833
2021-09-07,FPT,1,0.05263157894736842,10,9,0,363,0.5263157894459833
2021-09-09,BID,2,0.5,12,3,0,1395,0.7999999999466667
2021-09-14,BID,1,-0.3333333333333333,8,16,0,464,0.3333333333194444
2021-09-14,FPT,1,-0.3333333333333333,8,16,0,464,0.3333333333194444
2021-09-17,BID,1,0.38461538461538464,9,4,0,394,0.6923076922544379
2021-09-20,BID,1,0.8,9,1,0,471,0.89999999991
2021-09-20,FPT,1,0.8,9,1,0,471,0.89999999991
2021-09-24,BID,1,-0.06666666666666667,7,8,0,459,0.46666666663555556
2021-09-27,FPT,1,-0.4,6,14,0,448,0.299999999985
2021-09-28,FPT,1,0.18181818181818182,13,9,0,427,0.5909090908822314
2021-09-30,BID,1,0.0,2,2,0,401,0.499999999875
2021-10-01,BID,1,-0.21428571428571427,11,17,0,378,0.39285714284311224
2021-10-05,BID,1,0.3076923076923077,17,9,0,462,0.6538461538210059
2021-10-08,BID,1,0.5384615384615384,10,3,0,980,0.7692307691715976
2021-10-08,FPT,1,0.5,12,4,0,436,0.749999999953125
2021-10-11,BID,1,0.8181818181818182,10,1,0,553,0.9090909090082645
2021-10-11,FPT,1,0.391304347826087,32,14,0,955,0.6956521738979207
2021-10-12,BID,1,0.1,11,9,0,571,0.5499999999725
2021-10-12,FPT,1,0.1,11,9,0,571,0.5499999999725
2021-10-13,BID,1,0.7142857142857143,6,1,0,701,0.8571428570204082
2021-10-18,BID,1,0.3684210526315789,13,6,0,416,0.6842105262797784
2021-10-19,BID,1,0.04,13,12,0,421,0.5199999999792
2021-10-22,BID,1,-0.047619047619047616,10,11,0,410,0.47619047616780047
2021-10-25,BID,1,0.3333333333333333,10,5,0,655,0.6666666666222222
2021-10-26,FPT,1,0.05263157894736842,10,9,0,421,0.5263157894459833
2021-10-28,BID,1,0.47368421052631576,14,5,0,486,0.7368421052243768
2021-10-29,BID,1,0.52,19,6,0,370,0.7599999999696
2021-11-01,BID,1,0.05263157894736842,10,9,0,447,0.5263157894459833
2021-11-02,BID,1,0.4074074074074074,19,8,0,814,0.7037037036776406
2021-11-12,FPT,2,0.28205128205128205,12,7,0,1001,0.63157894733518
2021-11-16,FPT,1,-0.3333333333333333,1,2,0,669,0.3333333332222222
2021-11-17,BID,1,0.5238095238095238,16,5,0,439,0.7619047618684808
2021-11-22,BID,1,0.15789473684210525,11,8,0,409,0.5789473683905817
2021-11-23,BID,2,0.6875,12,5,0,1068,0.705882352899654
2021-11-25,BID,2,0.16,21,9,0,1107,0.6999999999766666
2021-11-25,FPT,1,1.0,1,0,0,473,0.9999999989999999
2021-11-30,FPT,1,1.0,7,0,0,714,0.9999999998571428
2021-12-03,BID,1,-0.30434782608695654,8,15,0,449,0.3478260869413989
2021-12-07,BID,1,0.3333333333333333,14,7,0,478,0.6666666666349206
2021-12-08,BID,1,0.29411764705882354,11,6,0,342,0.6470588234913495
2021-12-09,FPT,1,0.3333333333333333,10,5,0,342,0.6666666666222222
2021-12-10,BID,1,0.25,10,6,0,418,0.6249999999609375
2021-12-10,FPT,1,0.25,10,6,0,418,0.6249999999609375
2021-12-13,BID,1,0.0,7,7,0,545,0.49999999996428574
2021-12-15,BID,1,-0.14285714285714285,9,12,0,483,0.42857142855102043
2021-12-15,FPT,1,-0.14285714285714285,9,12,0,483,0.42857142855102043
2021-12-21,BID,1,0.375,11,5,0,341,0.6874999999570313
2021-12-25,FPT,1,0.6,4,1,0,877,0.79999999984
2021-12-27,BID,1,0.5454545454545454,17,5,0,422,0.7727272726921488
2021-12-31,BID,1,0.45454545454545453,8,3,0,417,0.7272727272066115
2022-01-03,BID,1,0.3333333333333333,4,2,0,667,0.6666666665555555
2022-01-04,FPT,1,0.8333333333333334,11,1,0,719,0.9166666665902777
2022-01-12,BID,1,0.23809523809523808,13,8,0,428,0.6190476190181405
2022-01-17,BID,1,-0.3333333333333333,19,38,0,1169,0.3333333333274854
2022-01-19,BID,1,-0.125,7,9,0,403,0.43749999997265626
2022-01-20,BID,1,0.4166666666666667,17,7,0,455,0.7083333333038194
2022-01-21,BID,1,0.15789473684210525,11,8,0,468,0.5789473683905817
2022-01-24,FPT,1,-0.2903225806451613,11,20,0,597,0.3548387096659729
2022-01-25,BID,1,0.36363636363636365,15,7,0,564,0.6818181817871901
2022-02-07,BID,1,0.4838709677419355,46,16,0,1557,0.7419354838590011
2022-02-07,FPT,1,0.4838709677419355,46,16,0,1557,0.7419354838590011
2022-02-09,BID,1,0.5555555555555556,14,4,0,453,0.7777777777345679
2022-02-11,BID,1,-0.16666666666666666,5,7,0,386,0.41666666663194446
2022-02-15,BID,1,0.2727272727272727,14,8,0,457,0.6363636363347107
2022-02-16,BID,1,-0.07692307692307693,6,7,0,419,0.4615384615029586
2022-02-18,BID,1,0.1,11,9,0,386,0.5499999999725
2022-02-23,BID,1,0.5238095238095238,16,5,0,354,0.7619047618684808
2022-03-02,BID,1,-0.047619047619047616,10,11,0,409,0.47619047616780047
2022-03-04,BID,1,0.44,18,7,0,407,0.7199999999712
2022-03-07,BID,1,0.3684210526315789,13,6,0,418,0.6842105262797784
2022-03-08,FPT,1,-0.05263157894736842,9,10,0,413,0.47368421050138504
2022-03-09,BID,1,-0.058823529411764705,8,9,0,433,0.470588235266436
2022-03-09,FPT,1,-0.058823529411764705,8,9,0,433,0.470588235266436
2022-03-10,BID,1,-0.29411764705882354,6,11,0,385,0.352941176449827
2022-03-11,BID,1,-0.18181818181818182,9,13,0,460,0.40909090907231405
2022-03-16,BID,1,0.7647058823529411,15,2,0,521,0.8823529411245675
2022-03-16,FPT,1,-0.3333333333333333,3,6,0,411,0.3333333332962963
2022-03-17,BID,1,-0.13043478260869565,10,13,0,392,0.43478260867674856
2022-03-23,BID,1,0.0,11,11,0,450,0.49999999997727274
2022-03-29,BID,1,0.09090909090909091,12,10,0,374,0.545454545429752
2022-03-29,FPT,1,0.09090909090909091,12,10,0,374,0.545454545429752
2022-04-07,BID,1,-1.0,0,1,0,114,0.0
2022-04-07,FPT,1,-0.6842105263157895,3,16,0,473,0.157894736833795
2022-04-08,FPT,1,-0.25,9,15,0,554,0.374999999984375
2022-04-12,BID,1,-0.4838709677419355,8,23,0,514,0.2580645161207076
2022-04-12,FPT,1,-0.4838709677419355,8,23,0,514,0.2580645161207076
2022-04-13,FPT,1,0.4074074074074074,19,8,0,449,0.7037037036776406
2022-04-18,BID,1,-0.5333333333333333,7,23,0,498,0.23333333332555556
2022-04-18,FPT,1,-0.5333333333333333,7,23,0,498,0.23333333332555556
2022-04-19,FPT,1,-0.5625,7,25,0,554,0.21874999999316408
2022-04-21,BID,1,-0.058823529411764705,32,36,0,1174,0.47058823528719723
2022-04-22,FPT,1,0.0,13,13,0,571,0.4999999999807692
2022-04-25,BID,1,-0.36363636363636365,14,30,0,968,0.3181818181745868
2022-04-25,FPT,2,-0.3484848484848485,21,44,0,1369,0.3230769230719526
2022-04-26,BID,1,-0.1891891891891892,15,22,0,723,0.4054054053944485
2022-04-26,FPT,1,0.36363636363636365,15,7,0,549,0.6818181817871901
2022-05-04,FPT,1,0.16666666666666666,14,10,0,631,0.5833333333090278
2022-05-05,BID,1,-0.034482758620689655,14,15,0,517,0.48275862067300834
2022-05-06,BID,1,-0.4166666666666667,7,17,0,563,0.2916666666545139
2022-05-06,FPT,1,-0.4166666666666667,7,17,0,563,0.2916666666545139
2022-05-09,BID,2,0.375,12,15,0,1500,0.44444444442798353
2022-05-10,BID,1,0.1,11,9,0,520,0.5499999999725
2022-05-12,BID,1,-0.7142857142857143,4,24,0,501,0.14285714285204082
2022-05-16,BID,1,0.0,8,8,0,429,0.49999999996875
2022-05-17,BID,1,0.30434782608695654,15,8,0,540,0.6521739130151228
2022-05-17,FPT,1,1.0,9,0,0,1396,0.9999999998888889
2022-05-18,BID,1,-0.45454545454545453,3,8,0,391,0.2727272727024793
2022-05-18,FPT,2,-0.15584415584415584,15,17,0,891,0.4687499999853516
2022-05-20,BID,1,-0.058823529411764705,8,9,0,413,0.470588235266436
2022-05-23,BID,1,-0.7272727272727273,3,19,0,455,0.136363636357438
2022-05-25,BID,1,0.3333333333333333,14,7,0,510,0.6666666666349206
2022-05-25,FPT,1,0.3333333333333333,14,7,0,510,0.6666666666349206
2022-05-26,BID,2,0.6,4,2,0,1392,0.6666666665555555
2022-05-27,FPT,1,0.047619047619047616,11,10,0,485,0.5238095237845805
2022-05-30,BID,1,0.5294117647058824,13,4,0,413,0.7647058823079584
2022-05-30,FPT,1,0.5294117647058824,13,4,0,413,0.7647058823079584
2022-05-31,BID,1,-0.07692307692307693,6,7,0,376,0.4615384615029586
2022-06-03,BID,1,-0.17647058823529413,7,10,0,370,0.41176470585813146
2022-06-03,FPT,1,-0.17647058823529413,7,10,0,370,0.41176470585813146
2022-06-08,BID,1,0.42857142857142855,15,6,0,429,0.7142857142517007
2022-06-09,BID,1,0.3333333333333333,2,1,0,1028,0.6666666664444444
2022-06-09,FPT,1,0.16666666666666666,7,5,0,366,0.5833333332847223
2022-06-13,BID,1,-0.4883720930232558,11,32,0,788,0.255813953482423
2022-06-13,FPT,1,-0.4883720930232558,11,32,0,788,0.255813953482423
2022-06-14,BID,1,-0.25925925925925924,10,17,0,520,0.37037037035665293
2022-06-14,FPT,1,-0.25925925925925924,10,17,0,520,0.37037037035665293
2022-06-23,FPT,1,0.4,7,3,0,423,0.69999999993
2022-06-28,BID,1,0.7,17,3,0,431,0.8499999999575
2022-06-28,FPT,1,0.7,17,3,0,431,0.8499999999575
2022-06-30,BID,1,-0.2,4,6,0,379,0.39999999996
2022-07-01,BID,1,0.17647058823529413,10,7,0,363,0.588235294083045
2022-07-02,BID,1,1.0,4,0,0,822,0.99999999975
2022-07-06,FPT,1,-0.3684210526315789,6,13,0,349,0.31578947366759
2022-07-07,FPT,1,0.2,6,4,0,426,0.59999999994
2022-07-11,BID,1,-0.2727272727272727,4,7,0,406,0.36363636360330576
2022-07-11,FPT,1,-0.2727272727272727,4,7,0,406,0.36363636360330576
2022-07-12,BID,1,0.23076923076923078,8,5,0,389,0.6153846153372781
2022-07-14,FPT,1,0.07692307692307693,7,6,0,452,0.5384615384201183
2022-07-18,FPT,1,0.8571428571428571,13,1,0,1610,0.928571428505102
2022-07-19,BID,1,0.84,23,2,0,1272,0.9199999999632
2022-07-22,BID,1,-0.125,7,9,0,422,0.43749999997265626
2022-07-25,FPT,1,-0.5384615384615384,3,10,0,336,0.2307692307514793
2022-07-26,BID,1,0.3333333333333333,6,3,0,856,0.6666666665925925
2022-07-28,BID,1,0.6923076923076923,22,4,0,401,0.8461538461213017
2022-08-08,BID,1,1.0,2,0,0,574,0.9999999995
2022-08-11,BID,1,-0.16666666666666666,10,14,0,663,0.4166666666493056
2022-08-12,BID,1,0.4444444444444444,13,5,0,388,0.7222222221820987
2022-08-15,BID,1,0.6842105263157895,16,3,0,361,0.8421052631135734
2022-08-15,FPT,1,0.6842105263157895,16,3,0,361,0.8421052631135734
2022-08-16,BID,1,0.29411764705882354,11,6,0,462,0.6470588234913495
2022-08-22,BID,1,-0.2,10,15,0,460,0.399999999984
2022-08-24,BID,1,0.14285714285714285,4,3,0,550,0.5714285713469388
2022-08-30,BID,1,0.2,15,10,0,365,0.599999999976
2022-08-31,BID,1,0.3333333333333333,4,2,0,745,0.6666666665555555
2022-09-07,BID,1,-0.1,9,11,0,454,0.4499999999775
2022-09-19,BID,1,-0.2631578947368421,7,12,0,442,0.3684210526121884
2022-09-19,FPT,1,-0.2631578947368421,7,12,0,442,0.3684210526121884
2022-09-20,FPT,1,-0.14285714285714285,6,8,0,432,0.4285714285408163
2022-09-21,BID,1,-0.6666666666666666,2,10,0,1103,0.16666666665277777
2022-09-27,BID,1,0.5,6,2,0,493,0.74999999990625
2022-09-28,FPT,1,-0.2727272727272727,8,14,0,579,0.3636363636198347
2022-09-30,FPT,1,-0.1111111111111111,8,10,0,428,0.44444444441975306
2022-10-03,BID,1,-0.7142857142857143,3,18,0,502,0.14285714285034012
2022-10-03,FPT,1,-0.7142857142857143,3,18,0,502,0.14285714285034012
2022-10-06,BID,1,1.0,3,0,0,607,0.9999999996666666
2022-10-07,BID,1,-0.5454545454545454,5,17,0,576,0.2272727272623967
2022-10-13,BID,1,0.2857142857142857,9,5,0,373,0.6428571428112245
2022-10-17,BID,1,-0.125,7,9,0,373,0.43749999997265626
2022-10-20,BID,1,1.0,4,0,0,920,0.99999999975
2022-10-24,BID,1,-0.47368421052631576,5,14,0,501,0.26315789472299167
2022-10-24,FPT,1,-0.47368421052631576,5,14,0,501,0.26315789472299167
2022-10-25,BID,1,0.10344827586206896,16,13,0,526,0.5517241379120095
2022-10-27,BID,1,0.6190476190476191,17,4,0,377,0.8095238094852608
2022-10-31,BID,1,-0.5454545454545454,5,17,0,549,0.2272727272623967
2022-11-04,BID,1,-0.2903225806451613,11,20,0,581,0.3548387096659729
2022-11-08,BID,1,-0.16666666666666666,10,14,0,497,0.4166666666493056
2022-11-10,FPT,1,-0.4,9,21,0,538,0.29999999999
2022-11-11,BID,1,0.3333333333333333,8,4,0,1072,0.6666666666111111
2022-11-16,BID,1,0.0,11,11,0,791,0.49999999997727274
2022-11-21,FPT,1,-0.04,12,13,0,492,0.4799999999808
2022-11-24,BID,1,-0.16666666666666666,5,7,0,396,0.41666666663194446
2022-11-28,BID,1,0.47368421052631576,14,5,0,464,0.7368421052243768
2022-12-02,BID,1,0.4666666666666667,22,8,0,485,0.7333333333088888
2022-12-05,FPT,1,1.0,12,0,0,557,0.9999999999166667
2022-12-06,BID,1,-0.3548387096774194,10,21,0,679,0.32258064515088447
2022-12-18,FPT,1,1.0,9,0,0,935,0.9999999998888889
2022-12-22,BID,1,0.0,11,11,0,441,0.49999999997727274
2022-12-23,FPT,1,-0.5384615384615384,3,10,0,417,0.2307692307514793
2022-12-27,BID,1,0.2727272727272727,14,8,0,474,0.6363636363347107
2022-12-29,BID,1,0.8888888888888888,17,1,0,583,0.9444444443919753
2022-12-29,FPT,1,0.8888888888888888,17,1,0,583,0.9444444443919753
2022-12-30,BID,1,-0.2631578947368421,7,12,0,401,0.3684210526121884
2023-01-01,BID,1,0.07692307692307693,7,6,0,385,0.5384615384201183
2023-01-03,BID,1,0.6842105263157895,16,3,0,412,0.8421052631135734
2023-01-13,BID,2,-0.047619047619047616,8,8,0,1062,0.49999999996875
2023-01-16,BID,1,0.16666666666666666,7,5,0,498,0.5833333332847223
2023-01-16,FPT,1,0.47368421052631576,14,5,0,1511,0.7368421052243768
2023-01-19,BID,1,0.6,12,3,0,419,0.7999999999466667
2023-01-27,BID,1,0.5384615384615384,10,3,0,406,0.7692307691715976
2023-02-02,BID,1,0.06666666666666667,8,7,0,362,0.5333333332977778
2023-02-07,FPT,1,-0.3333333333333333,7,14,0,437,0.3333333333174603
2023-02-14,BID,1,-0.5714285714285714,6,22,0,444,0.21428571427806123
2023-02-21,BID,1,0.06666666666666667,8,7,0,421,0.5333333332977778
2023-03-01,BID,1,-0.07692307692307693,6,7,0,469,0.4615384615029586
2023-03-08,BID,1,0.3684210526315789,13,6,0,395,0.6842105262797784
2023-03-15,BID,1,0.3333333333333333,10,5,0,413,0.6666666666222222
2023-03-16,BID,1,-0.391304347826087,7,16,0,427,0.304347826073724
2023-03-22,BID,2,0.1680672268907563,17,7,0,983,0.7083333333038194
2023-04-10,BID,1,-0.42857142857142855,2,5,0,588,0.2857142856734694
2023-04-17,BID,1,0.14285714285714285,8,6,0,365,0.571428571387755
2023-04-26,BID,1,0.3684210526315789,13,6,0,431,0.6842105262797784
2023-04-28,BID,1,0.47368421052631576,14,5,0,423,0.7368421052243768
2023-05-08,BID,2,-0.10317460317460317,13,12,0,1064,0.5199999999792
2023-05-09,BID,1,0.44,18,7,0,425,0.7199999999712
2023-05-15,BID,1,0.6521739130434783,19,4,0,647,0.8260869564858223
2023-05-24,BID,1,-0.5294117647058824,4,13,0,367,0.235294117633218
2023-05-25,BID,1,-0.2857142857142857,10,18,0,445,0.357142857130102
2023-05-30,FPT,1,-0.1111111111111111,4,5,0,330,0.4444444443950617
2023-06-02,BID,1,0.1111111111111111,10,8,0,357,0.5555555555246914
2023-06-05,BID,1,0.5,18,6,0,823,0.74999999996875
2023-06-06,BID,1,0.68,21,4,0,531,0.8399999999664
2023-06-08,BID,1,-0.48148148148148145,7,20,0,587,0.25925925924965704
2023-06-08,FPT,1,0.7142857142857143,18,3,0,1167,0.8571428571020409
2023-07-05,BID,1,0.3333333333333333,10,5,0,321,0.6666666666222222
2023-07-17,BID,1,0.1,11,9,0,375,0.5499999999725
2023-07-19,BID,1,0.2222222222222222,11,7,0,377,0.6111111110771605
2023-07-27,BID,2,0.5128205128205128,26,6,0,2032,0.8124999999746094
2023-08-02,FPT,1,-0.3333333333333333,2,4,0,1081,0.33333333327777775
2023-08-10,BID,1,-0.12,11,14,0,407,0.4399999999824
2023-08-18,BID,1,-0.14285714285714285,9,12,0,618,0.42857142855102043
2023-08-19,BID,1,-0.20930232558139536,17,26,0,1115,0.3953488372001082
2023-08-21,BID,1,0.043478260869565216,12,11,0,423,0.5217391304120983
2023-08-28,FPT,1,0.5555555555555556,14,4,0,366,0.7777777777345679
2023-08-30,BID,1,0.7647058823529411,15,2,0,376,0.8823529411245675
2023-08-30,FPT,1,0.7647058823529411,15,2,0,376,0.8823529411245675
2023-09-07,FPT,1,0.0,7,7,0,361,0.49999999996428574
2023-09-18,BID,1,0.6190476190476191,17,4,0,652,0.8095238094852608
2023-09-18,FPT,1,0.6190476190476191,17,4,0,652,0.8095238094852608
2023-09-22,BID,1,0.037037037037037035,14,13,0,590,0.5185185184993141
2023-09-25,FPT,1,-0.7777777777777778,2,16,0,412,0.11111111110493826
2023-09-27,BID,1,0.5,18,6,0,434,0.74999999996875
2023-09-28,FPT,1,1.0,15,0,0,867,0.9999999999333333
2023-10-02,BID,1,-0.2,6,9,0,380,0.39999999997333335
2023-10-03,BID,1,-0.5151515151515151,8,25,0,814,0.24242424241689625
2023-10-04,BID,1,0.3333333333333333,14,7,0,421,0.6666666666349206
2023-10-05,BID,1,-0.42857142857142855,6,15,0,542,0.28571428570068025
2023-10-06,BID,1,0.375,11,5,0,448,0.6874999999570313
2023-10-09,FPT,1,0.47368421052631576,14,5,0,444,0.7368421052243768
2023-10-16,BID,1,-0.06666666666666667,7,8,0,419,0.46666666663555556
2023-10-16,FPT,1,-0.06666666666666667,7,8,0,419,0.46666666663555556
2023-10-17,BID,1,-0.05,19,21,0,826,0.47499999998812503
2023-10-17,FPT,1,-0.2727272727272727,8,14,0,439,0.3636363636198347
2023-10-18,BID,1,-0.5,6,18,0,526,0.24999999998958333
2023-10-19,FPT,1,-0.2222222222222222,7,11,0,500,0.38888888886728395
2023-10-24,BID,1,0.2,6,4,0,418,0.59999999994
2023-10-31,BID,1,-0.5555555555555556,6,21,0,532,0.22222222221399177
2023-11-01,BID,1,0.0,17,17,0,608,0.49999999998529415
2023-11-01,FPT,1,0.0,17,17,0,608,0.49999999998529415
2023-11-08,BID,1,0.9047619047619048,20,1,0,463,0.9523809523356009
2023-11-08,FPT,1,0.9047619047619048,20,1,0,463,0.9523809523356009
2023-11-10,BID,1,-0.17647058823529413,7,10,0,497,0.41176470585813146
2023-11-14,BID,1,0.2,9,6,0,371,0.59999999996
2023-11-15,BID,1,0.42857142857142855,15,6,0,404,0.7142857142517007
2023-11-16,FPT,1,0.38461538461538464,9,4,0,398,0.6923076922544379
2023-11-20,BID,1,-0.043478260869565216,11,12,0,576,0.47826086954442343
2023-11-22,BID,1,-0.1,9,11,0,421,0.4499999999775
2023-11-24,BID,1,0.07692307692307693,7,6,0,379,0.5384615384201183
2023-12-01,BID,1,0.625,13,3,0,672,0.8124999999492187
2023-12-18,BID,1,-0.6,3,12,0,351,0.19999999998666668
2023-12-21,BID,1,0.1,11,9,0,381,0.5499999999725
2023-12-26,FPT,1,0.06666666666666667,8,7,0,381,0.5333333332977778
2023-12-29,BID,1,0.2,15,10,0,473,0.599999999976
2024-01-03,BID,1,0.21739130434782608,14,9,0,436,0.608695652147448
2024-01-04,BID,1,0.5555555555555556,21,6,0,416,0.7777777777489712
2024-01-05,BID,1,0.4444444444444444,13,5,0,425,0.7222222221820987
2024-01-08,BID,1,0.6363636363636364,18,4,0,419,0.8181818181446281
2024-01-10,BID,1,0.2857142857142857,9,5,0,443,0.6428571428112245
2024-01-10,FPT,1,0.2857142857142857,9,5,0,443,0.6428571428112245
2024-01-11,BID,1,-0.058823529411764705,8,9,0,484,0.470588235266436
2024-01-16,BID,1,0.4782608695652174,17,6,0,433,0.7391304347504726
2024-01-19,BID,1,0.7647058823529411,15,2,0,465,0.8823529411245675
2024-01-25,BID,1,-0.4,6,14,0,470,0.299999999985
2024-01-26,BID,1,0.45454545454545453,8,3,0,379,0.7272727272066115
2024-02-01,FPT,1,0.44,18,7,0,431,0.7199999999712
2024-02-02,FPT,1,0.125,9,7,0,397,0.5624999999648438
2024-02-26,BID,1,0.7333333333333333,13,2,0,373,0.8666666666088889
2024-02-26,FPT,1,0.7333333333333333,13,2,0,373,0.8666666666088889
2024-02-29,BID,1,-0.07692307692307693,12,14,0,504,0.46153846152071004
2024-03-01,BID,1,0.6,8,2,0,285,0.79999999992
2024-03-01,FPT,1,0.6,8,2,0,285,0.79999999992
2024-03-06,FPT,2,-0.25,10,18,0,1096,0.357142857130102
2024-03-08,BID,2,0.1277777777777778,49,25,0,2082,0.662162162153214
2024-03-11,BID,1,-0.3684210526315789,6,13,0,381,0.31578947366759
2024-03-12,BID,1,0.6470588235294118,14,3,0,456,0.8235294117162629
2024-03-12,FPT,1,0.6470588235294118,14,3,0,456,0.8235294117162629
2024-03-13,FPT,1,0.4666666666666667,11,4,0,332,0.7333333332844444
2024-03-18,BID,1,0.3,13,7,0,359,0.6499999999675
2024-03-18,FPT,1,0.0,0,0,0,100,0.0
2024-03-19,BID,1,-0.17647058823529413,7,10,0,448,0.41176470585813146
2024-03-19,FPT,1,0.0,2,2,0,1181,0.499999999875
2024-03-20,BID,1,0.4166666666666667,17,7,0,382,0.7083333333038194
2024-03-21,BID,1,0.8461538461538461,12,1,0,802,0.9230769230059171
2024-03-22,BID,1,0.2222222222222222,11,7,0,395,0.6111111110771605
2024-03-22,FPT,1,0.2222222222222222,11,7,0,395,0.6111111110771605
2024-03-25,BID,1,-0.25,6,10,0,414,0.3749999999765625
2024-03-27,BID,1,-0.25,6,10,0,392,0.3749999999765625
2024-04-08,BID,1,-0.4117647058823529,5,12,0,398,0.2941176470415225
2024-04-08,FPT,1,-0.4117647058823529,5,12,0,398,0.2941176470415225
2024-04-09,BID,2,0.5238095238095238,18,7,0,1297,0.7199999999712
2024-04-11,BID,2,-0.0873015873015873,20,21,0,1279,0.4878048780368828
2024-04-11,FPT,1,-0.2857142857142857,5,9,0,411,0.35714285711734695
2024-04-12,BID,1,0.5,15,5,0,382,0.7499999999625
2024-04-15,BID,1,-0.1875,13,19,0,427,0.4062499999873047
2024-04-16,BID,1,-0.5,4,12,0,387,0.249999999984375
2024-04-17,BID,1,-0.36363636363636365,7,15,0,502,0.31818181816735536
2024-04-19,FPT,1,-0.2,10,15,0,718,0.399999999984
2024-04-22,BID,1,0.3333333333333333,14,7,0,396,0.6666666666349206
2024-04-23,BID,1,-0.6666666666666666,3,15,0,402,0.1666666666574074
2024-04-24,FPT,1,0.05263157894736842,10,9,0,424,0.5263157894459833
2024-04-25,BID,1,-0.16666666666666666,5,7,0,368,0.41666666663194446
2024-04-25,FPT,1,-0.16666666666666666,5,7,0,368,0.41666666663194446
2024-05-02,FPT,1,-0.2857142857142857,5,9,0,435,0.35714285711734695
2024-05-03,FPT,1,0.2,6,4,0,352,0.59999999994
2024-05-04,FPT,1,-0.29411764705882354,6,11,0,828,0.352941176449827
2024-05-06,BID,2,0.22588235294117645,25,17,0,1372,0.5952380952239229
2024-05-07,BID,1,0.5,9,3,0,436,0.7499999999375
2024-05-07,FPT,1,0.5,9,3,0,436,0.7499999999375
2024-05-08,BID,1,0.18181818181818182,13,9,0,469,0.5909090908822314
2024-05-10,BID,1,-0.45454545454545453,3,8,0,360,0.2727272727024793
2024-05-14,BID,1,0.2222222222222222,11,7,0,392,0.6111111110771605
2024-05-15,BID,1,0.42857142857142855,10,4,0,373,0.7142857142346939
2024-05-15,FPT,1,0.42857142857142855,10,4,0,373,0.7142857142346939
2024-05-16,BID,1,0.5,9,3,0,431,0.7499999999375
2024-05-20,FPT,1,0.5652173913043478,18,5,0,430,0.7826086956181475
2024-05-21,FPT,1,0.1,11,9,0,492,0.5499999999725
2024-05-22,FPT,1,0.0,9,9,0,374,0.4999999999722222
2024-05-23,FPT,1,0.23076923076923078,8,5,0,438,0.6153846153372781
2024-05-24,FPT,1,-0.3076923076923077,9,17,0,653,0.3461538461405325
2024-05-27,BID,1,0.17647058823529413,10,7,0,398,0.588235294083045
2024-05-27,FPT,1,0.17647058823529413,10,7,0,398,0.588235294083045
2024-05-28,FPT,1,0.125,9,7,0,434,0.5624999999648438
2024-05-29,BID,1,0.043478260869565216,12,11,0,469,0.5217391304120983
2024-05-30,BID,1,-0.15789473684210525,8,11,0,436,0.4210526315567867
2024-05-31,BID,1,-0.3333333333333333,5,10,0,462,0.3333333333111111
2024-06-04,FPT,1,0.29411764705882354,11,6,0,433,0.6470588234913495
2024-06-06,BID,1,-0.3333333333333333,6,12,0,456,0.3333333333148148
2024-06-06,FPT,1,-0.3333333333333333,6,12,0,456,0.3333333333148148
2024-06-07,FPT,1,-0.09090909090909091,5,6,0,358,0.45454545450413225
2024-06-10,FPT,1,0.07692307692307693,7,6,0,366,0.5384615384201183
2024-06-11,FPT,1,-0.375,5,11,0,432,0.31249999998046873
2024-06-12,FPT,1,0.125,9,7,0,372,0.5624999999648438
2024-06-14,FPT,1,-0.2222222222222222,7,11,0,365,0.38888888886728395
2024-06-17,BID,1,-0.5,2,6,0,317,0.24999999996875
2024-06-17,FPT,1,-0.5,2,6,0,317,0.24999999996875
2024-06-18,FPT,1,0.14285714285714285,8,6,0,400,0.571428571387755
2024-06-19,FPT,1,0.6216216216216216,30,7,0,2046,0.810810810788897
2024-06-20,BID,1,0.09090909090909091,12,10,0,475,0.545454545429752
2024-06-20,FPT,1,0.09090909090909091,12,10,0,475,0.545454545429752
2024-06-21,FPT,1,-0.14285714285714285,6,8,0,405,0.4285714285408163
2024-06-24,FPT,1,-0.44,7,18,0,434,0.2799999999888
2024-06-25,FPT,1,-0.058823529411764705,8,9,0,493,0.470588235266436
2024-06-27,BID,1,-0.4666666666666667,4,11,0,400,0.2666666666488889
2024-06-27,FPT,1,-0.4666666666666667,4,11,0,400,0.2666666666488889
2024-06-28,BID,1,-0.5384615384615384,3,10,0,472,0.2307692307514793
2024-06-28,FPT,1,-0.5384615384615384,3,10,0,472,0.2307692307514793
2024-07-01,FPT,1,-0.058823529411764705,8,9,0,435,0.470588235266436
2024-07-02,BID,1,0.5555555555555556,14,4,0,375,0.7777777777345679
2024-07-03,BID,1,0.5,12,4,0,357,0.749999999953125
2024-07-03,FPT,1,0.5,12,4,0,357,0.749999999953125
2024-07-04,FPT,1,-0.09090909090909091,5,6,0,329,0.45454545450413225
2024-07-05,BID,1,0.42857142857142855,5,2,0,453,0.7142857141836735
2024-07-05,FPT,1,0.42857142857142855,5,2,0,453,0.7142857141836735
2024-07-09,BID,1,0.2222222222222222,11,7,0,415,0.6111111110771605
2024-07-09,FPT,1,0.2222222222222222,11,7,0,415,0.6111111110771605
2024-07-10,FPT,1,-0.25,6,10,0,409,0.3749999999765625
2024-07-11,FPT,1,-0.2,6,9,0,466,0.39999999997333335
2024-07-12,FPT,1,-0.38461538461538464,4,9,0,399,0.30769230766863903
2024-07-15,FPT,1,-0.29411764705882354,6,11,0,423,0.352941176449827
2024-07-16,BID,1,0.2,9,6,0,391,0.59999999996
2024-07-16,FPT,1,0.2,9,6,0,391,0.59999999996
2024-07-17,BID,1,-0.23809523809523808,8,13,0,555,0.3809523809342404
2024-07-17,FPT,1,-0.23809523809523808,8,13,0,555,0.3809523809342404
2024-07-18,BID,1,0.2222222222222222,11,7,0,471,0.6111111110771605
2024-07-18,FPT,1,0.2222222222222222,11,7,0,471,0.6111111110771605
2024-07-19,FPT,1,-0.5294117647058824,4,13,0,430,0.235294117633218
2024-07-22,BID,2,0.12669683257918551,24,19,0,1718,0.558139534870741
2024-07-22,FPT,1,-0.2631578947368421,7,12,0,483,0.3684210526121884
2024-07-23,BID,2,-0.06666666666666665,12,20,0,1215,0.3749999999882813
2024-07-23,FPT,1,-0.3333333333333333,9,18,0,531,0.33333333332098763
2024-07-26,BID,1,0.2857142857142857,9,5,0,1691,0.6428571428112245
2024-07-26,FPT,1,0.2,6,4,0,379,0.59999999994
2024-07-29,BID,1,-0.09090909090909091,10,12,0,459,0.4545454545247934
2024-07-30,BID,1,-0.5,4,12,0,449,0.249999999984375
2024-07-30,FPT,1,-0.5,4,12,0,449,0.249999999984375
2024-08-01,BID,1,-0.125,7,9,0,476,0.43749999997265626
2024-08-01,FPT,1,-0.125,7,9,0,476,0.43749999997265626
2024-08-02,BID,1,0.4117647058823529,12,5,0,423,0.705882352899654
2024-08-06,BID,1,0.13043478260869565,13,10,0,604,0.5652173912797731
2024-08-06,FPT,1,0.13043478260869565,13,10,0,604,0.5652173912797731
2024-08-07,BID,1,0.0,11,11,0,425,0.49999999997727274
2024-08-09,BID,1,0.14285714285714285,8,6,0,406,0.571428571387755
2024-08-09,FPT,1,0.14285714285714285,8,6,0,406,0.571428571387755
2024-08-12,FPT,1,0.125,9,7,0,405,0.5624999999648438
2024-08-13,FPT,1,0.0,0,0,0,498,0.0
2024-08-14,BID,1,0.06666666666666667,8,7,0,387,0.5333333332977778
2024-08-15,BID,1,-0.3333333333333333,3,6,0,385,0.3333333332962963
2024-08-16,BID,1,0.6666666666666666,15,3,0,544,0.8333333332870371
2024-08-19,FPT,1,0.25,10,6,0,466,0.6249999999609375
2024-08-20,BID,1,0.8461538461538461,12,1,0,426,0.9230769230059171
2024-08-20,FPT,1,0.8461538461538461,12,1,0,426,0.9230769230059171
2024-08-21,BID,1,0.3333333333333333,10,5,0,421,0.6666666666222222
2024-08-21,FPT,1,0.3333333333333333,10,5,0,421,0.6666666666222222
2024-08-23,BID,1,0.42857142857142855,15,6,0,476,0.7142857142517007
2024-08-26,FPT,1,-0.1,9,11,0,358,0.4499999999775
2024-08-27,BID,1,0.0,0,0,0,432,0.0
2024-08-28,FPT,1,0.1,11,9,0,488,0.5499999999725
2024-08-30,BID,1,0.23076923076923078,8,5,0,413,0.6153846153372781
2024-08-30,FPT,1,0.23076923076923078,8,5,0,413,0.6153846153372781
2024-09-04,BID,1,-0.058823529411764705,8,9,0,429,0.470588235266436
2024-09-05,FPT,1,-0.25,6,10,0,512,0.3749999999765625
2024-09-06,BID,1,-0.2,6,9,0,473,0.39999999997333335
2024-09-06,FPT,1,-0.2,6,9,0,473,0.39999999997333335
2024-09-17,BID,1,0.625,13,3,0,594,0.8124999999492187
2024-09-17,FPT,1,0.625,13,3,0,594,0.8124999999492187
2024-09-18,BID,1,0.07692307692307693,7,6,0,403,0.5384615384201183
2024-09-18,FPT,1,0.07692307692307693,7,6,0,403,0.5384615384201183
2024-09-23,BID,1,0.14285714285714285,8,6,0,404,0.571428571387755
2024-09-23,FPT,1,0.14285714285714285,8,6,0,404,0.571428571387755
2024-09-24,BID,1,0.47368421052631576,14,5,0,426,0.7368421052243768
2024-09-27,BID,1,0.3,13,7,0,505,0.6499999999675
2024-09-27,FPT,1,0.3,13,7,0,505,0.6499999999675
2024-09-30,BID,1,-0.4666666666666667,4,11,0,522,0.2666666666488889
2024-10-01,FPT,1,0.25,10,6,0,518,0.6249999999609375
2024-10-02,BID,1,0.16666666666666666,7,5,0,448,0.5833333332847223
2024-10-02,FPT,1,0.16666666666666666,7,5,0,448,0.5833333332847223
2024-10-09,FPT,1,0.29411764705882354,11,6,0,375,0.6470588234913495
2024-10-10,FPT,1,0.7333333333333333,13,2,0,467,0.8666666666088889
2024-10-13,FPT,1,0.058823529411764705,9,8,0,1151,0.5294117646747405
2024-10-14,FPT,1,0.0,11,11,0,459,0.49999999997727274
2024-10-15,BID,1,0.15789473684210525,11,8,0,571,0.5789473683905817
2024-10-15,FPT,1,0.15789473684210525,11,8,0,571,0.5789473683905817
2024-10-16,FPT,1,-0.3333333333333333,5,10,0,420,0.3333333333111111
2024-10-17,BID,1,0.2857142857142857,9,5,0,443,0.6428571428112245
2024-10-21,FPT,1,-0.23076923076923078,10,16,0,523,0.3846153846005917
2024-10-22,BID,1,0.1,11,9,0,403,0.5499999999725
2024-10-22,FPT,1,0.1,11,9,0,403,0.5499999999725
2024-10-23,BID,1,0.1,11,9,0,445,0.5499999999725
2024-10-23,FPT,1,0.1,11,9,0,445,0.5499999999725
2024-10-25,BID,1,-0.4117647058823529,5,12,0,420,0.2941176470415225
2024-10-28,FPT,1,0.1,11,9,0,442,0.5499999999725
2024-10-30,BID,1,-0.3333333333333333,5,10,0,455,0.3333333333111111
2024-10-30,FPT,1,-0.3333333333333333,5,10,0,455,0.3333333333111111
2024-11-06,FPT,1,0.4444444444444444,13,5,0,1032,0.7222222221820987
2024-11-07,BID,1,0.14285714285714285,12,9,0,543,0.5714285714013605
2024-11-12,FPT,1,0.15789473684210525,11,8,0,498,0.5789473683905817
2024-11-13,BID,1,0.1111111111111111,10,8,0,430,0.5555555555246914
2024-11-13,FPT,1,0.1111111111111111,10,8,0,430,0.5555555555246914
2024-11-14,BID,1,-0.3,7,13,0,414,0.3499999999825
2024-11-15,BID,1,-0.28,9,16,0,640,0.3599999999856
2024-11-15,FPT,1,-0.28,9,16,0,640,0.3599999999856
2024-11-19,BID,1,-0.3333333333333333,5,10,0,594,0.3333333333111111
2024-11-19,FPT,2,0.25,16,11,0,1261,0.5925925925706447
2024-11-20,FPT,1,0.3333333333333333,12,6,0,441,0.6666666666296296
2024-11-21,BID,1,0.058823529411764705,9,8,0,318,0.5294117646747405
2024-11-22,BID,1,-0.3333333333333333,3,6,0,358,0.3333333332962963
2024-11-22,FPT,1,-0.3333333333333333,3,6,0,358,0.3333333332962963
2024-11-26,BID,1,0.6666666666666666,10,2,0,429,0.8333333332638889
2024-11-26,FPT,1,0.6666666666666666,10,2,0,429,0.8333333332638889
2024-11-27,FPT,1,-0.05263157894736842,9,10,0,603,0.47368421050138504
2024-11-29,FPT,1,0.75,14,2,0,403,0.8749999999453125
2024-12-02,FPT,1,-0.1,9,11,0,394,0.4499999999775
2024-12-03,FPT,1,-0.3076923076923077,9,17,0,483,0.3461538461405325
2024-12-04,BID,2,-0.6875,5,14,0,726,0.26315789472299167
2024-12-04,FPT,1,-0.375,5,11,0,422,0.31249999998046873
2024-12-05,FPT,1,0.35714285714285715,19,9,0,601,0.6785714285471939
2024-12-06,BID,1,-0.09090909090909091,5,6,0,384,0.45454545450413225
2024-12-09,FPT,1,-0.3333333333333333,5,10,0,422,0.3333333333111111
2024-12-11,FPT,1,-0.1111111111111111,8,10,0,532,0.44444444441975306
2024-12-12,FPT,1,-0.29411764705882354,6,11,0,428,0.352941176449827
2024-12-15,BID,1,0.3333333333333333,4,2,0,690,0.6666666665555555
2024-12-16,BID,1,-0.25,6,10,0,367,0.3749999999765625
2024-12-17,FPT,1,-0.2,6,9,0,420,0.39999999997333335
2024-12-18,FPT,1,0.5,9,3,0,439,0.7499999999375
2024-12-20,BID,1,1.0,11,0,0,626,0.9999999999090909
2024-12-20,FPT,1,0.42857142857142855,10,4,0,453,0.7142857142346939
2024-12-22,FPT,1,0.0,0,0,0,276,0.0
2024-12-23,FPT,2,0.5454545454545454,44,11,0,1621,0.7999999999854546
2024-12-25,BID,1,0.8461538461538461,12,1,0,470,0.9230769230059171
2024-12-27,BID,1,0.4,7,3,0,328,0.69999999993
2024-12-30,BID,1,-0.2,6,9,0,451,0.39999999997333335
2024-12-31,BID,1,0.4,7,3,0,698,0.69999999993
2025-01-02,BID,1,0.06666666666666667,8,7,0,387,0.5333333332977778
2025-01-02,FPT,1,0.06666666666666667,8,7,0,387,0.5333333332977778
2025-01-03,FPT,2,0.29563932002956395,49,25,0,2126,0.662162162153214
2025-01-06,FPT,1,0.8181818181818182,20,2,0,1169,0.9090909090495868
2025-01-07,BID,1,0.2,6,4,0,410,0.59999999994
2025-01-08,FPT,1,-0.3,7,13,0,432,0.3499999999825
2025-01-09,FPT,1,0.7333333333333333,13,2,0,889,0.8666666666088889
2025-01-10,BID,2,-0.014492753623188387,20,18,0,1295,0.5263157894598338
2025-01-10,FPT,1,0.30434782608695654,15,8,0,814,0.6521739130151228
2025-01-13,BID,1,-0.06666666666666667,7,8,0,423,0.46666666663555556
2025-01-13,FPT,1,-0.06666666666666667,7,8,0,423,0.46666666663555556
2025-01-14,BID,1,-0.3333333333333333,3,6,0,381,0.3333333332962963
2025-01-14,FPT,1,-0.3333333333333333,3,6,0,381,0.3333333332962963
2025-01-15,FPT,1,0.3684210526315789,13,6,0,486,0.6842105262797784
2025-01-16,FPT,1,0.0,4,4,0,436,0.4999999999375
2025-01-17,FPT,1,0.45454545454545453,16,6,0,373,0.7272727272396694
2025-01-22,FPT,1,-0.3333333333333333,5,10,0,401,0.3333333333111111
2025-01-23,FPT,1,0.7142857142857143,12,2,0,441,0.8571428570816326
2025-01-24,FPT,1,0.3333333333333333,10,5,0,468,0.6666666666222222
2025-01-31,FPT,1,0.4444444444444444,13,5,0,1143,0.7222222221820987
2025-02-03,FPT,1,-0.38461538461538464,8,18,0,452,0.3076923076804734
2025-02-04,BID,1,0.5,15,5,0,384,0.7499999999625
2025-02-04,FPT,1,0.5,15,5,0,384,0.7499999999625
2025-02-05,FPT,1,0.09090909090909091,6,5,0,401,0.5454545454049586
2025-02-07,BID,1,0.38461538461538464,9,4,0,541,0.6923076922544379
2025-02-10,FPT,1,-0.4117647058823529,5,12,0,401,0.2941176470415225
2025-02-11,FPT,1,0.2727272727272727,7,4,0,453,0.6363636363057851
2025-02-12,BID,1,-0.38461538461538464,4,9,0,415,0.30769230766863903
2025-02-14,BID,1,0.45454545454545453,8,3,0,372,0.7272727272066115
2025-02-14,FPT,1,0.45454545454545453,8,3,0,372,0.7272727272066115
2025-02-19,FPT,1,0.4,7,3,0,422,0.69999999993
2025-02-20,FPT,1,0.0,8,8,0,546,0.49999999996875
2025-02-24,FPT,1,0.3333333333333333,14,7,0,672,0.6666666666349206
2025-02-25,FPT,1,0.034482758620689655,15,14,0,608,0.5172413792925089
2025-02-26,FPT,1,0.0,12,12,0,496,0.49999999997916666
2025-02-27,BID,1,0.4117647058823529,12,5,0,917,0.705882352899654
2025-03-03,BID,1,1.0,12,0,0,440,0.9999999999166667
2025-03-06,FPT,1,0.42857142857142855,15,6,0,579,0.7142857142517007
2025-03-07,FPT,1,0.045454545454545456,23,21,0,1047,0.5227272727153927
2025-03-08,FPT,1,0.7142857142857143,6,1,0,652,0.8571428570204082
2025-03-10,FPT,1,0.2631578947368421,12,7,0,478,0.63157894733518
2025-03-11,FPT,1,0.06666666666666667,16,14,0,561,0.5333333333155555
2025-03-12,FPT,2,0.27392120075046905,35,19,0,1877,0.6481481481361454
2025-03-13,BID,1,0.391304347826087,16,7,0,531,0.6956521738827978
2025-03-14,FPT,2,-0.038461538461538464,11,12,0,971,0.47826086954442343
2025-03-17,FPT,1,0.2727272727272727,14,8,0,534,0.6363636363347107
2025-03-18,FPT,1,-0.03225806451612903,15,16,0,552,0.48387096772632676
2025-03-19,BID,1,-0.07142857142857142,13,15,0,457,0.4642857142691327
2025-03-19,FPT,1,-0.07142857142857142,13,15,0,457,0.4642857142691327
2025-03-20,BID,1,0.2,6,4,0,1250,0.59999999994
2025-03-20,FPT,2,0.04444444444444445,14,14,0,1710,0.49999999998214284
2025-03-21,FPT,1,-0.36363636363636365,7,15,0,527,0.31818181816735536
2025-03-24,BID,1,-0.0625,15,17,0,534,0.4687499999853516
2025-03-25,BID,1,0.2727272727272727,21,12,0,588,0.6363636363443527
2025-03-25,FPT,2,0.4294670846394984,44,18,0,1611,0.7096774193433923
2025-03-26,FPT,2,-0.014285714285714285,27,28,0,1562,0.4909090909001653
2025-03-27,BID,1,-0.2,6,9,0,373,0.39999999997333335
2025-03-27,FPT,1,-0.2,6,9,0,373,0.39999999997333335
2025-03-31,BID,1,-0.1891891891891892,15,22,0,641,0.4054054053944485
2025-03-31,FPT,1,-0.1891891891891892,15,22,0,641,0.4054054053944485
2025-04-01,BID,1,0.28,16,9,0,646,0.6399999999744
2025-04-01,FPT,1,0.28,16,9,0,646,0.6399999999744
2025-04-02,FPT,1,-0.0625,15,17,0,531,0.4687499999853516
2025-04-03,BID,1,-0.3684210526315789,6,13,0,627,0.31578947366759
2025-04-03,FPT,1,0.3888888888888889,25,11,0,1327,0.6944444444251544
2025-04-04,BID,1,-0.04,12,13,0,768,0.4799999999808
2025-04-04,FPT,1,-0.04,12,13,0,768,0.4799999999808
2025-04-07,FPT,1,0.15384615384615385,15,11,0,963,0.5769230769008876
2025-04-08,BID,1,-0.3684210526315789,6,13,0,829,0.31578947366759
2025-04-08,FPT,1,-0.75,2,14,0,636,0.1249999999921875
2025-04-09,FPT,1,-0.3333333333333333,7,14,0,684,0.3333333333174603
2025-04-11,BID,1,-0.5,3,9,0,526,0.24999999997916666
2025-04-11,FPT,1,0.38461538461538464,18,8,0,680,0.692307692281065
2025-04-14,FPT,1,0.4482758620689655,21,8,0,535,0.7241379310095125
2025-04-15,FPT,1,-0.07692307692307693,12,14,0,509,0.46153846152071004
2025-04-16,BID,1,-0.38461538461538464,8,18,0,524,0.3076923076804734
2025-04-16,FPT,1,-0.38461538461538464,8,18,0,524,0.3076923076804734
2025-04-17,FPT,1,0.52,19,6,0,552,0.7599999999696
2025-04-18,FPT,1,-0.07692307692307693,12,14,0,678,0.46153846152071004
2025-04-21,FPT,1,-0.2,8,12,0,488,0.39999999998
2025-04-23,FPT,1,0.36,17,8,0,500,0.6799999999728
2025-04-24,FPT,1,0.75,14,2,0,497,0.8749999999453125
2025-04-25,FPT,1,0.6,12,3,0,443,0.7999999999466667
2025-04-28,BID,1,-0.04,12,13,0,593,0.4799999999808
2025-05-02,BID,1,0.5454545454545454,17,5,0,914,0.7727272726921488
2025-05-02,FPT,1,0.5454545454545454,17,5,0,914,0.7727272726921488
2025-05-05,BID,1,0.42857142857142855,15,6,0,634,0.7142857142517007
2025-05-05,FPT,1,0.42857142857142855,15,6,0,634,0.7142857142517007
2025-05-06,FPT,1,0.16666666666666666,14,10,0,632,0.5833333333090278
2025-05-07,BID,1,0.3333333333333333,14,7,0,634,0.6666666666349206
2025-05-08,FPT,1,1.0,14,0,0,508,0.9999999999285715
2025-05-12,FPT,1,0.3684210526315789,13,6,0,567,0.6842105262797784
2025-05-13,BID,1,0.36363636363636365,15,7,0,623,0.6818181817871901
2025-05-13,FPT,1,0.36363636363636365,15,7,0,623,0.6818181817871901
2025-05-14,BID,1,0.5652173913043478,18,5,0,593,0.7826086956181475
2025-05-14,FPT,1,0.5652173913043478,18,5,0,593,0.7826086956181475
2025-05-15,FPT,1,0.16666666666666666,7,5,0,362,0.5833333332847223
2025-05-16,BID,1,-0.3333333333333333,7,14,0,422,0.3333333333174603
2025-05-16,FPT,2,0.1904761904761905,19,16,0,1507,0.5428571428416327
2025-05-19,BID,1,0.1111111111111111,20,16,0,658,0.5555555555401235
2025-05-19,FPT,2,0.08187134502923976,30,25,0,1747,0.5454545454446281
2025-05-20,FPT,1,0.5555555555555556,21,6,0,527,0.7777777777489712
2025-05-22,FPT,1,0.5,24,8,0,1880,0.7499999999765626
2025-05-23,FPT,1,-0.06666666666666667,7,8,0,477,0.46666666663555556
2025-05-27,FPT,1,0.5,12,4,0,501,0.749999999953125
2025-05-28,BID,1,0.5384615384615384,20,6,0,1031,0.7692307692011834
2025-05-30,BID,1,0.07142857142857142,15,13,0,567,0.5357142856951531
2025-05-30,FPT,1,0.07142857142857142,15,13,0,567,0.5357142856951531
2025-06-02,BID,1,0.1111111111111111,15,12,0,547,0.5555555555349794
2025-06-03,BID,1,0.5789473684210527,15,4,0,493,0.7894736841689751
2025-06-05,BID,1,-0.2,6,9,0,460,0.39999999997333335
2025-06-06,FPT,1,-0.1724137931034483,12,17,0,547,0.41379310343400716
2025-06-08,FPT,1,1.0,4,0,0,646,0.99999999975
2025-06-10,BID,1,-0.058823529411764705,8,9,0,474,0.470588235266436
2025-06-10,FPT,1,-0.36,8,17,0,834,0.3199999999872
2025-06-11,BID,1,-0.2,8,12,0,519,0.39999999998
2025-06-11,FPT,1,-0.2,8,12,0,519,0.39999999998
2025-06-13,BID,1,0.21739130434782608,14,9,0,505,0.608695652147448
2025-06-13,FPT,1,0.21739130434782608,14,9,0,505,0.608695652147448
2025-06-16,FPT,1,0.5333333333333333,23,7,0,625,0.7666666666411112
2025-06-18,BID,1,0.3333333333333333,16,8,0,570,0.6666666666388888
2025-06-18,FPT,1,0.3333333333333333,16,8,0,570,0.6666666666388888
2025-06-20,FPT,1,0.058823529411764705,9,8,0,611,0.5294117646747405
2025-06-23,BID,1,0.23076923076923078,16,10,0,607,0.6153846153609468
2025-06-24,BID,2,0.8,15,3,0,969,0.8333333332870371
2025-06-25,BID,2,0.25142857142857145,25,14,0,1616,0.6410256410092046
2025-06-25,FPT,2,0.25142857142857145,25,14,0,1616,0.6410256410092046
2025-06-26,FPT,1,-0.23809523809523808,8,13,0,459,0.3809523809342404
2025-06-27,BID,1,0.3333333333333333,12,6,0,584,0.6666666666296296
2025-06-27,FPT,1,0.3333333333333333,12,6,0,584,0.6666666666296296
2025-06-30,FPT,1,0.5789473684210527,15,4,0,513,0.7894736841689751
2025-07-01,BID,2,0.4887218045112782,18,8,0,1116,0.692307692281065
2025-07-01,FPT,2,0.43157894736842106,32,12,0,1169,0.7272727272561984
2025-07-04,BID,1,0.17647058823529413,10,7,0,551,0.588235294083045
2025-07-04,FPT,1,0.17647058823529413,10,7,0,551,0.588235294083045
2025-07-05,FPT,1,-0.15384615384615385,11,15,0,1015,0.42307692306065087
2025-07-06,FPT,1,0.5151515151515151,25,8,0,1206,0.7575757575528008
2025-07-07,BID,1,0.7333333333333333,13,2,0,626,0.8666666666088889
2025-07-08,BID,1,0.8,18,2,0,631,0.899999999955
2025-07-08,FPT,1,0.8,18,2,0,631,0.899999999955
2025-07-09,FPT,1,0.5789473684210527,15,4,0,654,0.7894736841689751
2025-07-11,FPT,1,0.6923076923076923,11,2,0,563,0.8461538460887574
2025-07-13,BID,1,0.09090909090909091,6,5,0,779,0.5454545454049586
2025-07-13,FPT,1,0.09090909090909091,6,5,0,779,0.5454545454049586
2025-07-14,BID,1,0.6363636363636364,18,4,0,597,0.8181818181446281
2025-07-15,BID,1,0.3333333333333333,18,9,0,611,0.6666666666419753
2025-07-16,BID,1,0.3684210526315789,13,6,0,550,0.6842105262797784
2025-07-18,BID,1,0.4166666666666667,17,7,0,677,0.7083333333038194
2025-07-18,FPT,2,0.7083333333333334,27,7,0,1371,0.7941176470354672
2025-07-21,BID,1,-0.15151515151515152,14,19,0,724,0.4242424242295685
2025-07-22,BID,1,0.23076923076923078,16,10,0,599,0.6153846153609468
2025-07-24,BID,1,0.0,6,6,0,822,0.49999999995833333
2025-07-24,FPT,1,0.25,10,6,0,592,0.6249999999609375
2025-07-25,FPT,1,0.30434782608695654,15,8,0,568,0.6521739130151228
2025-07-28,BID,1,0.47368421052631576,14,5,0,740,0.7368421052243768
2025-07-29,BID,1,-0.04,12,13,0,767,0.4799999999808
2025-07-31,FPT,1,-0.1111111111111111,8,10,0,653,0.44444444441975306
2025-08-01,BID,1,0.12,14,11,0,555,0.5599999999776
2025-08-01,FPT,1,0.12,14,11,0,555,0.5599999999776
2025-08-03,BID,1,0.3684210526315789,13,6,0,853,0.6842105262797784
2025-08-03,FPT,1,0.3684210526315789,13,6,0,853,0.6842105262797784
2025-08-04,BID,1,0.4166666666666667,17,7,0,627,0.7083333333038194
2025-08-05,BID,1,0.21428571428571427,17,11,0,787,0.6071428571211734
2025-08-06,FPT,1,0.4,14,6,0,500,0.699999999965
2025-08-07,BID,1,0.3333333333333333,12,6,0,521,0.6666666666296296
2025-08-07,FPT,1,0.3333333333333333,12,6,0,521,0.6666666666296296
2025-08-08,BID,1,0.4782608695652174,17,6,0,610,0.7391304347504726
2025-08-08,FPT,2,0.5962732919254659,35,9,0,1434,0.795454545436467
2025-08-11,FPT,1,0.38461538461538464,18,8,0,582,0.692307692281065
2025-08-12,BID,1,0.4117647058823529,12,5,0,552,0.705882352899654
2025-08-12,FPT,1,0.4117647058823529,12,5,0,552,0.705882352899654
2025-08-13,BID,1,0.5238095238095238,16,5,0,599,0.7619047618684808
2025-08-13,FPT,1,0.5238095238095238,16,5,0,599,0.7619047618684808
2025-08-14,FPT,1,0.36363636363636365,15,7,0,508,0.6818181817871901
2025-08-15,BID,1,0.0,15,15,0,688,0.49999999998333333
2025-08-15,FPT,1,0.0,15,15,0,688,0.49999999998333333
2025-08-18,FPT,1,0.04,13,12,0,807,0.5199999999792
2025-08-21,BID,1,0.15789473684210525,11,8,0,413,0.5789473683905817
2025-08-22,BID,1,-0.14285714285714285,12,16,0,733,0.42857142855612246
2025-08-25,BID,2,0.3333333333333333,20,15,0,1004,0.5714285714122449
2025-08-27,BID,2,0.09523809523809523,17,11,0,1289,0.6071428571211734
2025-08-27,FPT,1,0.3333333333333333,14,7,0,529,0.6666666666349206
2025-08-28,FPT,1,0.6216216216216216,30,7,0,1374,0.810810810788897
2025-08-29,FPT,1,0.30434782608695654,15,8,0,556,0.6521739130151228
2025-09-04,FPT,1,0.2,9,6,0,427,0.59999999996
2025-09-05,BID,1,0.13333333333333333,17,13,0,655,0.5666666666477778
2025-09-08,BID,1,-0.08571428571428572,16,19,0,620,0.45714285712979597
2025-09-11,BID,1,0.3333333333333333,18,9,0,757,0.6666666666419753
2025-09-12,FPT,1,0.15789473684210525,11,8,0,616,0.5789473683905817
2025-09-13,BID,1,0.7142857142857143,6,1,0,616,0.8571428570204082
2025-09-15,BID,1,0.42857142857142855,20,8,0,662,0.714285714260204
2025-09-15,FPT,1,0.42857142857142855,20,8,0,662,0.714285714260204
2025-09-17,BID,1,-0.12,11,14,0,566,0.4399999999824
2025-09-17,FPT,1,-0.12,11,14,0,566,0.4399999999824
2025-09-18,FPT,1,-0.2,6,9,0,477,0.39999999997333335
2025-09-19,FPT,1,-0.043478260869565216,11,12,0,573,0.47826086954442343
2025-09-22,BID,1,-0.23076923076923078,10,16,0,679,0.3846153846005917
2025-09-22,FPT,1,-0.23076923076923078,10,16,0,679,0.3846153846005917
2025-09-23,FPT,1,0.05263157894736842,10,9,0,580,0.5263157894459833
2025-09-24,BID,1,0.1111111111111111,15,12,0,613,0.5555555555349794
2025-09-25,FPT,2,0.2222222222222222,13,5,0,1183,0.7222222221820987
2025-09-26,BID,1,-0.1111111111111111,12,15,0,650,0.44444444442798353
2025-09-29,BID,1,0.1111111111111111,15,12,0,613,0.5555555555349794
2025-09-30,BID,1,0.1111111111111111,15,12,0,769,0.5555555555349794
2025-10-01,FPT,1,0.23809523809523808,13,8,0,577,0.6190476190181405
2025-10-02,BID,1,-0.3333333333333333,2,4,0,764,0.33333333327777775
2025-10-02,FPT,1,-0.2222222222222222,7,11,0,505,0.38888888886728395
2025-10-03,BID,1,-0.25,6,10,0,629,0.3749999999765625
2025-10-04,BID,1,-0.2413793103448276,11,18,0,1106,0.37931034481450654
2025-10-04,FPT,1,-0.2413793103448276,11,18,0,1106,0.37931034481450654
2025-10-06,BID,1,0.5555555555555556,14,4,0,501,0.7777777777345679
2025-10-07,BID,2,0.08333333333333333,11,9,0,1239,0.5499999999725
2025-10-10,FPT,3,0.39999999999999997,29,9,0,2599,0.7631578947167591
2025-10-13,BID,1,0.3,13,7,0,790,0.6499999999675
2025-10-14,BID,1,0.037037037037037035,14,13,0,616,0.5185185184993141
2025-10-15,BID,3,-0.2741147741147741,21,36,0,3757,0.36842105262511543
2025-10-15,FPT,1,0.15384615384615385,15,11,0,556,0.5769230769008876
2025-10-16,BID,1,-0.14285714285714285,3,4,0,567,0.4285714285102041
2025-10-19,BID,1,0.14285714285714285,8,6,0,1311,0.571428571387755
2025-10-20,BID,1,-0.02040816326530612,24,25,0,1232,0.48979591835735115
2025-10-20,FPT,1,-0.02040816326530612,24,25,0,1232,0.48979591835735115
2025-10-21,BID,1,0.2727272727272727,14,8,0,522,0.6363636363347107
2025-10-21,FPT,1,0.2727272727272727,14,8,0,522,0.6363636363347107
2025-10-22,FPT,1,0.36,17,8,0,453,0.6799999999728
2025-10-23,BID,1,-0.043478260869565216,11,12,0,628,0.47826086954442343
2025-10-23,FPT,1,-0.043478260869565216,11,12,0,628,0.47826086954442343
2025-10-24,FPT,1,0.07142857142857142,15,13,0,715,0.5357142856951531
2025-10-27,BID,1,-0.12,11,14,0,609,0.4399999999824
2025-10-27,FPT,1,-0.12,11,14,0,609,0.4399999999824
2025-10-28,FPT,1,0.42857142857142855,15,6,0,599,0.7142857142517007
2025-10-29,BID,2,-0.11842105263157895,13,10,0,1030,0.5652173912797731
2025-10-30,BID,1,0.2,9,6,0,1235,0.59999999996
2025-10-31,FPT,1,1.0,19,0,0,554,0.9999999999473684
